kword,pubpol_is_mentioned,fortnight_starting,fortnight_to_lockdown,count_of_rt_sentiments_neg,count_of_rt_sentiments_neu,count_of_rt_sentiments_pos,count_of_sentiments_neg,count_of_sentiments_neu,count_of_sentiments_pos,total_counts,total_rt_counts,prop_neg,prop_neu,prop_pos,prop_rt_neg,prop_rt_neu,prop_rt_pos
behav_change,0.0,2020-01-27,-4,0,0,0,0,0,0,0,0,,,,,,
behav_change,0.0,2020-02-10,-3,0,0,0,0,0,0,0,0,,,,,,
behav_change,0.0,2020-02-24,-2,1,28,14,1,12,10,23,43,0.043478260869565216,0.5217391304347826,0.43478260869565216,0.023255813953488372,0.6511627906976745,0.32558139534883723
behav_change,0.0,2020-03-09,-1,3,125,159,2,40,41,83,287,0.024096385542168676,0.4819277108433735,0.4939759036144578,0.010452961672473868,0.4355400696864111,0.554006968641115
behav_change,0.0,2020-03-23,0,5,147,96,1,48,38,87,248,0.011494252873563218,0.5517241379310345,0.4367816091954023,0.020161290322580645,0.592741935483871,0.3870967741935484
behav_change,0.0,2020-04-06,1,1,190,327,1,92,50,143,518,0.006993006993006993,0.6433566433566433,0.34965034965034963,0.0019305019305019305,0.3667953667953668,0.6312741312741312
behav_change,0.0,2020-04-20,2,0,146,382,0,52,54,106,528,0.0,0.49056603773584906,0.5094339622641509,0.0,0.2765151515151515,0.7234848484848485
behav_change,0.0,2020-05-04,3,0,334,232,0,55,64,119,566,0.0,0.46218487394957986,0.5378151260504201,0.0,0.5901060070671378,0.4098939929328622
behav_change,0.0,2020-05-18,4,4,109,222,3,38,35,76,335,0.039473684210526314,0.5,0.4605263157894737,0.011940298507462687,0.3253731343283582,0.6626865671641791
behav_change,0.0,2020-06-01,5,0,49,63,0,18,24,42,112,0.0,0.42857142857142855,0.5714285714285714,0.0,0.4375,0.5625
behav_change,0.0,2020-06-15,6,0,0,0,0,0,0,0,0,,,,,,
behav_change,0.0,2020-06-29,7,0,0,0,0,0,0,0,0,,,,,,
behav_change,1.0,2020-01-27,-4,0,0,0,0,0,0,0,0,,,,,,
behav_change,1.0,2020-02-10,-3,0,0,0,0,0,0,0,0,,,,,,
behav_change,1.0,2020-02-24,-2,0,0,0,0,0,0,0,0,,,,,,
behav_change,1.0,2020-03-09,-1,2,0,39,2,0,8,10,41,0.2,0.0,0.8,0.04878048780487805,0.0,0.9512195121951219
behav_change,1.0,2020-03-23,0,1,1,14,1,1,3,5,16,0.2,0.2,0.6,0.0625,0.0625,0.875
behav_change,1.0,2020-04-06,1,1,0,16,1,0,3,4,17,0.25,0.0,0.75,0.058823529411764705,0.0,0.9411764705882353
behav_change,1.0,2020-04-20,2,12,2,0,2,2,0,4,14,0.5,0.5,0.0,0.8571428571428571,0.14285714285714285,0.0
behav_change,1.0,2020-05-04,3,0,2,10,0,2,1,3,12,0.0,0.6666666666666666,0.3333333333333333,0.0,0.16666666666666666,0.8333333333333334
behav_change,1.0,2020-05-18,4,0,2,0,0,2,0,2,2,0.0,1.0,0.0,0.0,1.0,0.0
behav_change,1.0,2020-06-01,5,2,0,2,1,0,1,2,4,0.5,0.0,0.5,0.5,0.0,0.5
behav_change,1.0,2020-06-15,6,0,0,0,0,0,0,0,0,,,,,,
behav_change,1.0,2020-06-29,7,0,0,0,0,0,0,0,0,,,,,,
behav_econ,0.0,2020-01-27,-4,0,0,0,0,0,0,0,0,,,,,,
behav_econ,0.0,2020-02-10,-3,0,0,0,0,0,0,0,0,,,,,,
behav_econ,0.0,2020-02-24,-2,1,1,1,1,1,1,3,3,0.3333333333333333,0.3333333333333333,0.3333333333333333,0.3333333333333333,0.3333333333333333,0.3333333333333333
behav_econ,0.0,2020-03-09,-1,1,14,25,1,7,3,11,40,0.09090909090909091,0.6363636363636364,0.2727272727272727,0.025,0.35,0.625
behav_econ,0.0,2020-03-23,0,0,17,8,0,6,3,9,25,0.0,0.6666666666666666,0.3333333333333333,0.0,0.68,0.32
behav_econ,0.0,2020-04-06,1,0,16,2,0,7,1,8,18,0.0,0.875,0.125,0.0,0.8888888888888888,0.1111111111111111
behav_econ,0.0,2020-04-20,2,12,16,5,3,7,5,15,33,0.2,0.4666666666666667,0.3333333333333333,0.36363636363636365,0.48484848484848486,0.15151515151515152
behav_econ,0.0,2020-05-04,3,1,21,0,1,6,0,7,22,0.14285714285714285,0.8571428571428571,0.0,0.045454545454545456,0.9545454545454546,0.0
behav_econ,0.0,2020-05-18,4,0,5,3,0,2,1,3,8,0.0,0.6666666666666666,0.3333333333333333,0.0,0.625,0.375
behav_econ,0.0,2020-06-01,5,0,5,1,0,4,1,5,6,0.0,0.8,0.2,0.0,0.8333333333333334,0.16666666666666666
behav_econ,0.0,2020-06-15,6,0,0,0,0,0,0,0,0,,,,,,
behav_econ,0.0,2020-06-29,7,0,0,0,0,0,0,0,0,,,,,,
behav_econ,1.0,2020-01-27,-4,0,0,0,0,0,0,0,0,,,,,,
behav_econ,1.0,2020-02-10,-3,0,0,0,0,0,0,0,0,,,,,,
behav_econ,1.0,2020-02-24,-2,0,0,0,0,0,0,0,0,,,,,,
behav_econ,1.0,2020-03-09,-1,35,2,4,2,1,1,4,41,0.5,0.25,0.25,0.8536585365853658,0.04878048780487805,0.0975609756097561
behav_econ,1.0,2020-03-23,0,0,0,0,0,0,0,0,0,,,,,,
behav_econ,1.0,2020-04-06,1,0,0,0,0,0,0,0,0,,,,,,
behav_econ,1.0,2020-04-20,2,1,0,0,1,0,0,1,1,1.0,0.0,0.0,1.0,0.0,0.0
behav_econ,1.0,2020-05-04,3,1,0,0,1,0,0,1,1,1.0,0.0,0.0,1.0,0.0,0.0
behav_econ,1.0,2020-05-18,4,0,0,0,0,0,0,0,0,,,,,,
behav_econ,1.0,2020-06-01,5,0,0,0,0,0,0,0,0,,,,,,
behav_econ,1.0,2020-06-15,6,0,0,0,0,0,0,0,0,,,,,,
behav_econ,1.0,2020-06-29,7,0,0,0,0,0,0,0,0,,,,,,
behav_insights_team,0.0,2020-01-27,-4,0,0,0,0,0,0,0,0,,,,,,
behav_insights_team,0.0,2020-02-10,-3,0,0,0,0,0,0,0,0,,,,,,
behav_insights_team,0.0,2020-02-24,-2,0,0,0,0,0,0,0,0,,,,,,
behav_insights_team,0.0,2020-03-09,-1,186,214,7,27,14,4,45,407,0.6,0.3111111111111111,0.08888888888888889,0.457002457002457,0.5257985257985258,0.0171990171990172
behav_insights_team,0.0,2020-03-23,0,14,15,3,9,7,2,18,32,0.5,0.3888888888888889,0.1111111111111111,0.4375,0.46875,0.09375
behav_insights_team,0.0,2020-04-06,1,32,0,5,12,0,4,16,37,0.75,0.0,0.25,0.8648648648648649,0.0,0.13513513513513514
behav_insights_team,0.0,2020-04-20,2,77,12,0,3,7,0,10,89,0.3,0.7,0.0,0.8651685393258427,0.1348314606741573,0.0
behav_insights_team,0.0,2020-05-04,3,109,40,0,6,6,0,12,149,0.5,0.5,0.0,0.7315436241610739,0.2684563758389262,0.0
behav_insights_team,0.0,2020-05-18,4,71,4,3,2,2,1,5,78,0.4,0.4,0.2,0.9102564102564102,0.05128205128205128,0.038461538461538464
behav_insights_team,0.0,2020-06-01,5,10,0,0,3,0,0,3,10,1.0,0.0,0.0,1.0,0.0,0.0
behav_insights_team,0.0,2020-06-15,6,0,0,0,0,0,0,0,0,,,,,,
behav_insights_team,0.0,2020-06-29,7,0,0,0,0,0,0,0,0,,,,,,
behav_insights_team,1.0,2020-01-27,-4,0,0,0,0,0,0,0,0,,,,,,
behav_insights_team,1.0,2020-02-10,-3,0,0,0,0,0,0,0,0,,,,,,
behav_insights_team,1.0,2020-02-24,-2,0,1,0,0,1,0,1,1,0.0,1.0,0.0,0.0,1.0,0.0
behav_insights_team,1.0,2020-03-09,-1,296,36,26,23,20,1,44,358,0.5227272727272727,0.45454545454545453,0.022727272727272728,0.8268156424581006,0.1005586592178771,0.07262569832402235
behav_insights_team,1.0,2020-03-23,0,581,55,9,14,4,1,19,645,0.7368421052631579,0.21052631578947367,0.05263157894736842,0.9007751937984496,0.08527131782945736,0.013953488372093023
behav_insights_team,1.0,2020-04-06,1,74,25,0,14,2,0,16,99,0.875,0.125,0.0,0.7474747474747475,0.25252525252525254,0.0
behav_insights_team,1.0,2020-04-20,2,2,3,0,1,1,0,2,5,0.5,0.5,0.0,0.4,0.6,0.0
behav_insights_team,1.0,2020-05-04,3,28,62,17,10,10,2,22,107,0.45454545454545453,0.45454545454545453,0.09090909090909091,0.2616822429906542,0.5794392523364486,0.1588785046728972
behav_insights_team,1.0,2020-05-18,4,2,0,0,2,0,0,2,2,1.0,0.0,0.0,1.0,0.0,0.0
behav_insights_team,1.0,2020-06-01,5,3,4,0,3,2,0,5,7,0.6,0.4,0.0,0.42857142857142855,0.5714285714285714,0.0
behav_insights_team,1.0,2020-06-15,6,0,0,0,0,0,0,0,0,,,,,,
behav_insights_team,1.0,2020-06-29,7,0,0,0,0,0,0,0,0,,,,,,
behav_science,0.0,2020-01-27,-4,0,0,0,0,0,0,0,0,,,,,,
behav_science,0.0,2020-02-10,-3,0,0,0,0,0,0,0,0,,,,,,
behav_science,0.0,2020-02-24,-2,0,64,48,0,9,10,19,112,0.0,0.47368421052631576,0.5263157894736842,0.0,0.5714285714285714,0.42857142857142855
behav_science,0.0,2020-03-09,-1,155,171,90,26,36,30,92,416,0.2826086956521739,0.391304347826087,0.32608695652173914,0.37259615384615385,0.4110576923076923,0.21634615384615385
behav_science,0.0,2020-03-23,0,22,709,205,7,30,30,67,936,0.1044776119402985,0.44776119402985076,0.44776119402985076,0.023504273504273504,0.7574786324786325,0.21901709401709402
behav_science,0.0,2020-04-06,1,2,62,215,2,24,39,65,279,0.03076923076923077,0.36923076923076925,0.6,0.007168458781362007,0.2222222222222222,0.7706093189964157
behav_science,0.0,2020-04-20,2,24,53,82,5,20,39,64,159,0.078125,0.3125,0.609375,0.1509433962264151,0.3333333333333333,0.5157232704402516
behav_science,0.0,2020-05-04,3,6,97,103,4,29,39,72,206,0.05555555555555555,0.4027777777777778,0.5416666666666666,0.02912621359223301,0.470873786407767,0.5
behav_science,0.0,2020-05-18,4,0,130,25,0,38,12,50,155,0.0,0.76,0.24,0.0,0.8387096774193549,0.16129032258064516
behav_science,0.0,2020-06-01,5,3,32,123,1,11,23,35,158,0.02857142857142857,0.3142857142857143,0.6571428571428571,0.0189873417721519,0.20253164556962025,0.7784810126582279
behav_science,0.0,2020-06-15,6,0,0,0,0,0,0,0,0,,,,,,
behav_science,0.0,2020-06-29,7,0,0,0,0,0,0,0,0,,,,,,
behav_science,1.0,2020-01-27,-4,0,0,0,0,0,0,0,0,,,,,,
behav_science,1.0,2020-02-10,-3,0,0,0,0,0,0,0,0,,,,,,
behav_science,1.0,2020-02-24,-2,0,1,7,0,1,2,3,8,0.0,0.3333333333333333,0.6666666666666666,0.0,0.125,0.875
behav_science,1.0,2020-03-09,-1,81,222,32,30,22,13,65,335,0.46153846153846156,0.3384615384615385,0.2,0.2417910447761194,0.6626865671641791,0.0955223880597015
behav_science,1.0,2020-03-23,0,16,27,11,5,10,2,17,54,0.29411764705882354,0.5882352941176471,0.11764705882352941,0.2962962962962963,0.5,0.2037037037037037
behav_science,1.0,2020-04-06,1,29,6,3,6,4,2,12,38,0.5,0.3333333333333333,0.16666666666666666,0.7631578947368421,0.15789473684210525,0.07894736842105263
behav_science,1.0,2020-04-20,2,38,18,2,4,4,1,9,58,0.4444444444444444,0.4444444444444444,0.1111111111111111,0.6551724137931034,0.3103448275862069,0.034482758620689655
behav_science,1.0,2020-05-04,3,100,5,14,14,2,3,19,119,0.7368421052631579,0.10526315789473684,0.15789473684210525,0.8403361344537815,0.04201680672268908,0.11764705882352941
behav_science,1.0,2020-05-18,4,4,29,18,1,15,2,18,51,0.05555555555555555,0.8333333333333334,0.1111111111111111,0.0784313725490196,0.5686274509803921,0.35294117647058826
behav_science,1.0,2020-06-01,5,2,0,0,1,0,0,1,2,1.0,0.0,0.0,1.0,0.0,0.0
behav_science,1.0,2020-06-15,6,0,0,0,0,0,0,0,0,,,,,,
behav_science,1.0,2020-06-29,7,0,0,0,0,0,0,0,0,,,,,,
behav_scientist,0.0,2020-01-27,-4,0,0,0,0,0,0,0,0,,,,,,
behav_scientist,0.0,2020-02-10,-3,0,0,0,0,0,0,0,0,,,,,,
behav_scientist,0.0,2020-02-24,-2,1,0,0,1,0,0,1,1,1.0,0.0,0.0,1.0,0.0,0.0
behav_scientist,0.0,2020-03-09,-1,53,224,0,11,10,0,21,277,0.5238095238095238,0.47619047619047616,0.0,0.19133574007220217,0.8086642599277978,0.0
behav_scientist,0.0,2020-03-23,0,25,68,1,2,3,1,6,94,0.3333333333333333,0.5,0.16666666666666666,0.26595744680851063,0.723404255319149,0.010638297872340425
behav_scientist,0.0,2020-04-06,1,0,18,0,0,4,0,4,18,0.0,1.0,0.0,0.0,1.0,0.0
behav_scientist,0.0,2020-04-20,2,0,1,0,0,1,0,1,1,0.0,1.0,0.0,0.0,1.0,0.0
behav_scientist,0.0,2020-05-04,3,1,4,0,1,2,0,3,5,0.3333333333333333,0.6666666666666666,0.0,0.2,0.8,0.0
behav_scientist,0.0,2020-05-18,4,0,23,0,0,1,0,1,23,0.0,1.0,0.0,0.0,1.0,0.0
behav_scientist,0.0,2020-06-01,5,0,39,0,0,1,0,1,39,0.0,1.0,0.0,0.0,1.0,0.0
behav_scientist,0.0,2020-06-15,6,0,0,0,0,0,0,0,0,,,,,,
behav_scientist,0.0,2020-06-29,7,0,0,0,0,0,0,0,0,,,,,,
behav_scientist,1.0,2020-01-27,-4,0,0,0,0,0,0,0,0,,,,,,
behav_scientist,1.0,2020-02-10,-3,0,0,0,0,0,0,0,0,,,,,,
behav_scientist,1.0,2020-02-24,-2,0,0,0,0,0,0,0,0,,,,,,
behav_scientist,1.0,2020-03-09,-1,59,4,0,5,1,0,6,63,0.8333333333333334,0.16666666666666666,0.0,0.9365079365079365,0.06349206349206349,0.0
behav_scientist,1.0,2020-03-23,0,6,0,0,2,0,0,2,6,1.0,0.0,0.0,1.0,0.0,0.0
behav_scientist,1.0,2020-04-06,1,0,0,0,0,0,0,0,0,,,,,,
behav_scientist,1.0,2020-04-20,2,10,0,0,1,0,0,1,10,1.0,0.0,0.0,1.0,0.0,0.0
behav_scientist,1.0,2020-05-04,3,2,0,0,1,0,0,1,2,1.0,0.0,0.0,1.0,0.0,0.0
behav_scientist,1.0,2020-05-18,4,1,7,0,1,2,0,3,8,0.3333333333333333,0.6666666666666666,0.0,0.125,0.875,0.0
behav_scientist,1.0,2020-06-01,5,0,0,0,0,0,0,0,0,,,,,,
behav_scientist,1.0,2020-06-15,6,0,0,0,0,0,0,0,0,,,,,,
behav_scientist,1.0,2020-06-29,7,0,0,0,0,0,0,0,0,,,,,,
halpern,0.0,2020-01-27,-4,0,0,0,0,0,0,0,0,,,,,,
halpern,0.0,2020-02-10,-3,0,0,0,0,0,0,0,0,,,,,,
halpern,0.0,2020-02-24,-2,0,0,1,0,0,1,1,1,0.0,0.0,1.0,0.0,0.0,1.0
halpern,0.0,2020-03-09,-1,213,122,2,20,4,2,26,337,0.7692307692307693,0.15384615384615385,0.07692307692307693,0.6320474777448071,0.3620178041543027,0.005934718100890208
halpern,0.0,2020-03-23,0,26,5,0,4,1,0,5,31,0.8,0.2,0.0,0.8387096774193549,0.16129032258064516,0.0
halpern,0.0,2020-04-06,1,12,0,1,7,0,1,8,13,0.875,0.0,0.125,0.9230769230769231,0.0,0.07692307692307693
halpern,0.0,2020-04-20,2,4,22,0,1,5,0,6,26,0.16666666666666666,0.8333333333333334,0.0,0.15384615384615385,0.8461538461538461,0.0
halpern,0.0,2020-05-04,3,0,14,0,0,1,0,1,14,0.0,1.0,0.0,0.0,1.0,0.0
halpern,0.0,2020-05-18,4,54,2,0,1,1,0,2,56,0.5,0.5,0.0,0.9642857142857143,0.03571428571428571,0.0
halpern,0.0,2020-06-01,5,0,0,0,0,0,0,0,0,,,,,,
halpern,0.0,2020-06-15,6,0,0,0,0,0,0,0,0,,,,,,
halpern,0.0,2020-06-29,7,0,0,0,0,0,0,0,0,,,,,,
halpern,1.0,2020-01-27,-4,0,0,0,0,0,0,0,0,,,,,,
halpern,1.0,2020-02-10,-3,0,0,0,0,0,0,0,0,,,,,,
halpern,1.0,2020-02-24,-2,0,0,0,0,0,0,0,0,,,,,,
halpern,1.0,2020-03-09,-1,231,19,1,15,11,1,27,251,0.5555555555555556,0.4074074074074074,0.037037037037037035,0.9203187250996016,0.07569721115537849,0.00398406374501992
halpern,1.0,2020-03-23,0,47,0,0,4,0,0,4,47,1.0,0.0,0.0,1.0,0.0,0.0
halpern,1.0,2020-04-06,1,37,25,0,3,2,0,5,62,0.6,0.4,0.0,0.5967741935483871,0.4032258064516129,0.0
halpern,1.0,2020-04-20,2,33,0,0,4,0,0,4,33,1.0,0.0,0.0,1.0,0.0,0.0
halpern,1.0,2020-05-04,3,17,3,7,4,1,1,6,27,0.6666666666666666,0.16666666666666666,0.16666666666666666,0.6296296296296297,0.1111111111111111,0.25925925925925924
halpern,1.0,2020-05-18,4,7,0,0,3,0,0,3,7,1.0,0.0,0.0,1.0,0.0,0.0
halpern,1.0,2020-06-01,5,1,0,0,1,0,0,1,1,1.0,0.0,0.0,1.0,0.0,0.0
halpern,1.0,2020-06-15,6,0,0,0,0,0,0,0,0,,,,,,
halpern,1.0,2020-06-29,7,0,0,0,0,0,0,0,0,,,,,,
michie,0.0,2020-01-27,-4,0,0,0,0,0,0,0,0,,,,,,
michie,0.0,2020-02-10,-3,0,0,0,0,0,0,0,0,,,,,,
michie,0.0,2020-02-24,-2,0,139,40,0,11,7,18,179,0.0,0.6111111111111112,0.3888888888888889,0.0,0.776536312849162,0.22346368715083798
michie,0.0,2020-03-09,-1,0,196,165,0,23,22,45,361,0.0,0.5111111111111111,0.4888888888888889,0.0,0.5429362880886427,0.45706371191135736
michie,0.0,2020-03-23,0,1,88,4,1,12,2,15,93,0.06666666666666667,0.8,0.13333333333333333,0.010752688172043012,0.946236559139785,0.043010752688172046
michie,0.0,2020-04-06,1,1,15,26,1,3,7,11,42,0.09090909090909091,0.2727272727272727,0.6363636363636364,0.023809523809523808,0.35714285714285715,0.6190476190476191
michie,0.0,2020-04-20,2,1,62,34,1,10,4,15,97,0.06666666666666667,0.6666666666666666,0.26666666666666666,0.010309278350515464,0.6391752577319587,0.35051546391752575
michie,0.0,2020-05-04,3,1,163,89,1,21,14,36,253,0.027777777777777776,0.5833333333333334,0.3888888888888889,0.003952569169960474,0.6442687747035574,0.35177865612648224
michie,0.0,2020-05-18,4,0,756,16,0,14,4,18,772,0.0,0.7777777777777778,0.2222222222222222,0.0,0.9792746113989638,0.02072538860103627
michie,0.0,2020-06-01,5,0,80,1,0,35,1,36,81,0.0,0.9722222222222222,0.027777777777777776,0.0,0.9876543209876543,0.012345679012345678
michie,0.0,2020-06-15,6,0,0,0,0,0,0,0,0,,,,,,
michie,0.0,2020-06-29,7,0,0,0,0,0,0,0,0,,,,,,
michie,1.0,2020-01-27,-4,0,0,0,0,0,0,0,0,,,,,,
michie,1.0,2020-02-10,-3,0,0,0,0,0,0,0,0,,,,,,
michie,1.0,2020-02-24,-2,0,0,1,0,0,1,1,1,0.0,0.0,1.0,0.0,0.0,1.0
michie,1.0,2020-03-09,-1,2,4,5,1,3,2,6,11,0.16666666666666666,0.5,0.3333333333333333,0.18181818181818182,0.36363636363636365,0.45454545454545453
michie,1.0,2020-03-23,0,0,3,0,0,2,0,2,3,0.0,1.0,0.0,0.0,1.0,0.0
michie,1.0,2020-04-06,1,0,1,0,0,1,0,1,1,0.0,1.0,0.0,0.0,1.0,0.0
michie,1.0,2020-04-20,2,0,0,1,0,0,1,1,1,0.0,0.0,1.0,0.0,0.0,1.0
michie,1.0,2020-05-04,3,2,16,12,2,9,2,13,30,0.15384615384615385,0.6923076923076923,0.15384615384615385,0.06666666666666667,0.5333333333333333,0.4
michie,1.0,2020-05-18,4,1,26,1,1,9,1,11,28,0.09090909090909091,0.8181818181818182,0.09090909090909091,0.03571428571428571,0.9285714285714286,0.03571428571428571
michie,1.0,2020-06-01,5,0,4,2,0,2,1,3,6,0.0,0.6666666666666666,0.3333333333333333,0.0,0.6666666666666666,0.3333333333333333
michie,1.0,2020-06-15,6,0,0,0,0,0,0,0,0,,,,,,
michie,1.0,2020-06-29,7,0,0,0,0,0,0,0,0,,,,,,
nudge,0.0,2020-01-27,-4,0,0,0,0,0,0,0,0,,,,,,
nudge,0.0,2020-02-10,-3,0,0,0,0,0,0,0,0,,,,,,
nudge,0.0,2020-02-24,-2,1,0,3,1,0,1,2,4,0.5,0.0,0.5,0.25,0.0,0.75
nudge,0.0,2020-03-09,-1,1017,33,44,27,13,12,52,1094,0.5192307692307693,0.25,0.23076923076923078,0.9296160877513712,0.03016453382084095,0.04021937842778794
nudge,0.0,2020-03-23,0,27,15,13,8,9,8,25,55,0.32,0.36,0.32,0.4909090909090909,0.2727272727272727,0.23636363636363636
nudge,0.0,2020-04-06,1,8,6,4,5,1,4,10,18,0.5,0.1,0.4,0.4444444444444444,0.3333333333333333,0.2222222222222222
nudge,0.0,2020-04-20,2,20,25,11,11,8,6,25,56,0.44,0.32,0.24,0.35714285714285715,0.44642857142857145,0.19642857142857142
nudge,0.0,2020-05-04,3,8,35,13,5,12,5,22,56,0.22727272727272727,0.5454545454545454,0.22727272727272727,0.14285714285714285,0.625,0.23214285714285715
nudge,0.0,2020-05-18,4,0,2,17,0,1,8,9,19,0.0,0.1111111111111111,0.8888888888888888,0.0,0.10526315789473684,0.8947368421052632
nudge,0.0,2020-06-01,5,0,4,1,0,2,1,3,5,0.0,0.6666666666666666,0.3333333333333333,0.0,0.8,0.2
nudge,0.0,2020-06-15,6,0,0,0,0,0,0,0,0,,,,,,
nudge,0.0,2020-06-29,7,0,0,0,0,0,0,0,0,,,,,,
nudge,1.0,2020-01-27,-4,0,0,0,0,0,0,0,0,,,,,,
nudge,1.0,2020-02-10,-3,0,0,0,0,0,0,0,0,,,,,,
nudge,1.0,2020-02-24,-2,0,0,1,0,0,1,1,1,0.0,0.0,1.0,0.0,0.0,1.0
nudge,1.0,2020-03-09,-1,314,44,8,24,19,6,49,366,0.4897959183673469,0.3877551020408163,0.12244897959183673,0.8579234972677595,0.12021857923497267,0.02185792349726776
nudge,1.0,2020-03-23,0,8,13,0,3,5,0,8,21,0.375,0.625,0.0,0.38095238095238093,0.6190476190476191,0.0
nudge,1.0,2020-04-06,1,7,2,1,4,1,1,6,10,0.6666666666666666,0.16666666666666666,0.16666666666666666,0.7,0.2,0.1
nudge,1.0,2020-04-20,2,52,1,0,7,1,0,8,53,0.875,0.125,0.0,0.9811320754716981,0.018867924528301886,0.0
nudge,1.0,2020-05-04,3,17,3,0,6,1,0,7,20,0.8571428571428571,0.14285714285714285,0.0,0.85,0.15,0.0
nudge,1.0,2020-05-18,4,4,8,0,1,2,0,3,12,0.3333333333333333,0.6666666666666666,0.0,0.3333333333333333,0.6666666666666666,0.0
nudge,1.0,2020-06-01,5,0,0,2,0,0,1,1,2,0.0,0.0,1.0,0.0,0.0,1.0
nudge,1.0,2020-06-15,6,0,0,0,0,0,0,0,0,,,,,,
nudge,1.0,2020-06-29,7,0,0,0,0,0,0,0,0,,,,,,
psychologist,0.0,2020-01-27,-4,0,0,0,0,0,0,0,0,,,,,,
psychologist,0.0,2020-02-10,-3,0,0,0,0,0,0,0,0,,,,,,
psychologist,0.0,2020-02-24,-2,0,1,0,0,1,0,1,1,0.0,1.0,0.0,0.0,1.0,0.0
psychologist,0.0,2020-03-09,-1,991,10,0,13,2,0,15,1001,0.8666666666666667,0.13333333333333333,0.0,0.99000999000999,0.00999000999000999,0.0
psychologist,0.0,2020-03-23,0,2,7,0,1,2,0,3,9,0.3333333333333333,0.6666666666666666,0.0,0.2222222222222222,0.7777777777777778,0.0
psychologist,0.0,2020-04-06,1,2,0,0,1,0,0,1,2,1.0,0.0,0.0,1.0,0.0,0.0
psychologist,0.0,2020-04-20,2,0,4,0,0,1,0,1,4,0.0,1.0,0.0,0.0,1.0,0.0
psychologist,0.0,2020-05-04,3,0,2,2,0,1,2,3,4,0.0,0.3333333333333333,0.6666666666666666,0.0,0.5,0.5
psychologist,0.0,2020-05-18,4,0,0,0,0,0,0,0,0,,,,,,
psychologist,0.0,2020-06-01,5,0,0,0,0,0,0,0,0,,,,,,
psychologist,0.0,2020-06-15,6,0,0,0,0,0,0,0,0,,,,,,
psychologist,0.0,2020-06-29,7,0,0,0,0,0,0,0,0,,,,,,
psychologist,1.0,2020-01-27,-4,0,0,0,0,0,0,0,0,,,,,,
psychologist,1.0,2020-02-10,-3,0,0,0,0,0,0,0,0,,,,,,
psychologist,1.0,2020-02-24,-2,0,0,0,0,0,0,0,0,,,,,,
psychologist,1.0,2020-03-09,-1,788,5,2,14,1,2,17,795,0.8235294117647058,0.058823529411764705,0.11764705882352941,0.9911949685534591,0.006289308176100629,0.0025157232704402514
psychologist,1.0,2020-03-23,0,45,0,0,2,0,0,2,45,1.0,0.0,0.0,1.0,0.0,0.0
psychologist,1.0,2020-04-06,1,2,0,0,1,0,0,1,2,1.0,0.0,0.0,1.0,0.0,0.0
psychologist,1.0,2020-04-20,2,0,0,0,0,0,0,0,0,,,,,,
psychologist,1.0,2020-05-04,3,0,0,0,0,0,0,0,0,,,,,,
psychologist,1.0,2020-05-18,4,0,0,0,0,0,0,0,0,,,,,,
psychologist,1.0,2020-06-01,5,0,0,0,0,0,0,0,0,,,,,,
psychologist,1.0,2020-06-15,6,0,0,0,0,0,0,0,0,,,,,,
psychologist,1.0,2020-06-29,7,0,0,0,0,0,0,0,0,,,,,,
psychology,0.0,2020-01-27,-4,0,0,0,0,0,0,0,0,,,,,,
psychology,0.0,2020-02-10,-3,0,0,0,0,0,0,0,0,,,,,,
psychology,0.0,2020-02-24,-2,0,63,38,0,5,5,10,101,0.0,0.5,0.5,0.0,0.6237623762376238,0.37623762376237624
psychology,0.0,2020-03-09,-1,62,7,11,8,7,3,18,80,0.4444444444444444,0.3888888888888889,0.16666666666666666,0.775,0.0875,0.1375
psychology,0.0,2020-03-23,0,0,28,43,0,9,7,16,71,0.0,0.5625,0.4375,0.0,0.39436619718309857,0.6056338028169014
psychology,0.0,2020-04-06,1,1,48,86,1,7,8,16,135,0.0625,0.4375,0.5,0.007407407407407408,0.35555555555555557,0.6370370370370371
psychology,0.0,2020-04-20,2,0,29,153,0,6,14,20,182,0.0,0.3,0.7,0.0,0.15934065934065933,0.8406593406593407
psychology,0.0,2020-05-04,3,1,34,82,1,8,13,22,117,0.045454545454545456,0.36363636363636365,0.5909090909090909,0.008547008547008548,0.2905982905982906,0.7008547008547008
psychology,0.0,2020-05-18,4,0,13,24,0,6,1,7,37,0.0,0.8571428571428571,0.14285714285714285,0.0,0.35135135135135137,0.6486486486486487
psychology,0.0,2020-06-01,5,0,54,29,0,29,3,32,83,0.0,0.90625,0.09375,0.0,0.6506024096385542,0.3493975903614458
psychology,0.0,2020-06-15,6,0,0,0,0,0,0,0,0,,,,,,
psychology,0.0,2020-06-29,7,0,0,0,0,0,0,0,0,,,,,,
psychology,1.0,2020-01-27,-4,0,0,0,0,0,0,0,0,,,,,,
psychology,1.0,2020-02-10,-3,0,0,0,0,0,0,0,0,,,,,,
psychology,1.0,2020-02-24,-2,0,0,6,0,0,1,1,6,0.0,0.0,1.0,0.0,0.0,1.0
psychology,1.0,2020-03-09,-1,344,85,5,7,5,2,14,434,0.5,0.35714285714285715,0.14285714285714285,0.7926267281105991,0.195852534562212,0.01152073732718894
psychology,1.0,2020-03-23,0,44,4,1,1,3,1,5,49,0.2,0.6,0.2,0.8979591836734694,0.08163265306122448,0.02040816326530612
psychology,1.0,2020-04-06,1,20,0,0,3,0,0,3,20,1.0,0.0,0.0,1.0,0.0,0.0
psychology,1.0,2020-04-20,2,3,0,0,3,0,0,3,3,1.0,0.0,0.0,1.0,0.0,0.0
psychology,1.0,2020-05-04,3,34,5,9,3,2,2,7,48,0.42857142857142855,0.2857142857142857,0.2857142857142857,0.7083333333333334,0.10416666666666667,0.1875
psychology,1.0,2020-05-18,4,4,3,1,1,2,1,4,8,0.25,0.5,0.25,0.5,0.375,0.125
psychology,1.0,2020-06-01,5,0,0,0,0,0,0,0,0,,,,,,
psychology,1.0,2020-06-15,6,0,0,0,0,0,0,0,0,,,,,,
psychology,1.0,2020-06-29,7,0,0,0,0,0,0,0,0,,,,,,
spi-b,0.0,2020-01-27,-4,0,0,0,0,0,0,0,0,,,,,,
spi-b,0.0,2020-02-10,-3,0,0,0,0,0,0,0,0,,,,,,
spi-b,0.0,2020-02-24,-2,0,0,0,0,0,0,0,0,,,,,,
spi-b,0.0,2020-03-09,-1,0,0,0,0,0,0,0,0,,,,,,
spi-b,0.0,2020-03-23,0,0,0,0,0,0,0,0,0,,,,,,
spi-b,0.0,2020-04-06,1,0,0,0,0,0,0,0,0,,,,,,
spi-b,0.0,2020-04-20,2,0,0,0,0,0,0,0,0,,,,,,
spi-b,0.0,2020-05-04,3,0,0,0,0,0,0,0,0,,,,,,
spi-b,0.0,2020-05-18,4,1,0,0,1,0,0,1,1,1.0,0.0,0.0,1.0,0.0,0.0
spi-b,0.0,2020-06-01,5,0,0,0,0,0,0,0,0,,,,,,
spi-b,0.0,2020-06-15,6,0,0,0,0,0,0,0,0,,,,,,
spi-b,0.0,2020-06-29,7,0,0,0,0,0,0,0,0,,,,,,
spi-b,1.0,2020-01-27,-4,0,0,0,0,0,0,0,0,,,,,,
spi-b,1.0,2020-02-10,-3,0,0,0,0,0,0,0,0,,,,,,
spi-b,1.0,2020-02-24,-2,0,0,0,0,0,0,0,0,,,,,,
spi-b,1.0,2020-03-09,-1,0,0,0,0,0,0,0,0,,,,,,
spi-b,1.0,2020-03-23,0,0,2,0,0,1,0,1,2,0.0,1.0,0.0,0.0,1.0,0.0
spi-b,1.0,2020-04-06,1,0,0,0,0,0,0,0,0,,,,,,
spi-b,1.0,2020-04-20,2,0,0,0,0,0,0,0,0,,,,,,
spi-b,1.0,2020-05-04,3,2,0,0,1,0,0,1,2,1.0,0.0,0.0,1.0,0.0,0.0
spi-b,1.0,2020-05-18,4,2,1,0,1,1,0,2,3,0.5,0.5,0.0,0.6666666666666666,0.3333333333333333,0.0
spi-b,1.0,2020-06-01,5,0,0,0,0,0,0,0,0,,,,,,
spi-b,1.0,2020-06-15,6,0,0,0,0,0,0,0,0,,,,,,
spi-b,1.0,2020-06-29,7,0,0,0,0,0,0,0,0,,,,,,
