,pub_date_dt,article_id,word_count,american_behav_scientists,behav_analysis,behav_change,behav_econ,behav_insight,behav_insights_team,behav_science,behav_scientist,behavioural_economist,behavioural_fatigue,chater,halpern,herd_immunity,michie,nudge,psychologist,psychology,spi-b
0,2020-02-03,b1_10,191,0,0,0,1,0,0,0,0,0,0,0,0,0,0,1,0,0,0
1,2020-03-14,b1_101,1638,0,0,0,0,0,0,0,0,0,0,0,0,1,0,0,0,0,0
2,2020-03-14,b1_102,199,0,0,0,0,0,0,0,0,0,0,0,0,1,0,1,0,0,0
3,2020-03-14,b1_103,293,0,0,0,0,0,0,1,0,0,0,0,0,1,0,0,0,0,0
4,2020-03-14,b1_104,313,0,0,0,0,0,1,1,0,0,0,0,0,1,0,0,0,0,0
5,2020-03-14,b1_105,68,0,0,0,0,0,1,0,0,0,0,0,1,0,0,0,0,0,0
6,2020-03-14,b1_106,352,0,0,0,0,0,0,0,0,0,0,0,0,1,0,1,0,0,0
7,2020-03-14,b1_107,257,0,0,0,0,0,0,1,0,0,0,0,0,1,1,0,0,1,0
8,2020-03-14,b1_108,241,0,0,0,0,0,0,1,0,0,0,0,0,0,0,0,0,0,0
9,2020-03-14,b1_109,598,0,0,0,0,0,0,1,0,0,0,0,0,1,0,0,0,0,0
10,2020-02-04,b1_11,248,0,0,0,0,0,1,0,0,0,0,0,0,0,0,0,0,0,0
11,2020-03-14,b1_110,209,0,0,0,1,0,0,0,0,0,0,0,0,0,0,0,0,1,0
12,2020-03-14,b1_111,118,0,0,0,0,0,0,1,0,0,0,0,0,1,0,0,0,0,0
13,2020-03-14,b1_112,243,0,0,0,0,0,0,1,0,0,0,0,0,1,0,0,0,0,0
14,2020-03-14,b1_113,77,0,0,0,0,0,0,1,0,0,0,0,0,0,0,0,0,0,0
15,2020-03-15,b1_114,136,0,0,0,0,0,1,1,0,0,0,0,0,0,0,1,0,0,0
16,2020-03-15,b1_115,347,0,0,0,0,0,1,0,0,0,0,0,1,1,0,0,0,0,0
17,2020-03-15,b1_116,80,0,0,0,0,0,1,0,0,0,0,0,1,1,0,0,0,0,0
18,2020-03-15,b1_117,171,0,0,0,0,0,1,0,0,0,0,0,1,1,0,0,0,0,0
19,2020-03-15,b1_118,245,0,0,0,0,0,0,1,0,0,1,0,0,1,0,0,0,0,0
20,2020-03-15,b1_119,149,0,0,0,0,0,1,0,0,0,0,0,1,1,0,0,0,0,0
21,2020-02-04,b1_12,89,1,0,0,0,0,0,0,0,0,0,0,0,0,0,0,0,0,0
22,2020-03-15,b1_120,122,0,0,0,0,0,1,0,0,0,0,0,1,1,0,0,0,0,0
23,2020-03-15,b1_121,267,0,0,0,0,0,1,0,0,0,0,0,1,1,0,0,0,0,0
24,2020-03-15,b1_122,139,0,0,0,0,0,0,1,0,0,0,0,0,0,0,0,0,0,0
25,2020-03-15,b1_123,277,0,0,0,0,0,0,0,0,0,0,0,0,1,0,1,0,0,0
26,2020-03-15,b1_124,242,0,0,1,0,0,0,0,0,0,0,0,0,1,1,0,1,1,0
27,2020-03-15,b1_125,135,0,0,0,0,0,0,0,0,0,0,0,0,0,1,0,1,0,0
28,2020-03-16,b1_126,223,0,0,0,0,0,0,1,1,0,1,1,0,1,0,0,0,0,0
29,2020-03-16,b1_127,149,0,0,0,0,0,1,0,0,0,0,0,1,1,0,0,0,0,0
30,2020-03-16,b1_128,321,0,0,0,0,0,1,1,0,0,0,0,1,1,0,0,0,0,0
31,2020-03-16,b1_129,312,0,0,0,0,0,0,1,1,0,0,0,0,1,1,0,0,1,0
32,2020-03-16,b1_130,363,0,0,0,0,0,0,0,0,0,0,0,0,1,0,1,0,0,0
33,2020-03-16,b1_132,100,0,0,0,0,0,0,0,1,0,0,0,0,1,1,0,0,1,0
34,2020-03-16,b1_133,354,0,0,0,0,0,0,0,1,0,0,0,0,1,1,0,0,1,0
35,2020-03-16,b1_137,242,0,0,0,0,0,0,0,1,0,0,0,0,1,1,0,0,1,0
36,2020-03-16,b1_138,226,0,0,0,0,0,0,1,0,0,0,0,0,1,0,0,0,0,0
37,2020-03-16,b1_139,89,0,0,0,0,0,0,0,0,0,1,0,0,0,0,0,0,0,0
38,2020-02-05,b1_14,210,0,0,0,0,0,0,0,1,0,0,0,0,0,0,0,0,0,0
39,2020-03-16,b1_140,259,0,0,0,0,0,0,1,0,0,0,0,0,1,0,0,0,0,0
40,2020-03-16,b1_141,339,0,0,0,0,0,0,0,0,0,0,0,0,0,1,0,0,1,0
41,2020-03-16,b1_142,340,0,0,0,0,0,0,0,0,0,0,0,0,0,1,0,0,1,0
42,2020-03-16,b1_143,184,0,0,0,0,0,0,1,0,0,0,0,0,0,0,0,0,0,0
43,2020-03-16,b1_144,263,0,0,0,0,0,0,0,0,0,0,0,1,1,0,0,0,0,0
44,2020-03-17,b1_145,142,0,0,0,0,0,0,1,0,0,0,0,0,1,0,0,0,0,0
45,2020-03-17,b1_146,142,0,0,0,0,0,0,1,0,0,0,0,0,1,0,0,0,0,0
46,2020-02-06,b1_15,240,0,0,0,0,0,0,0,0,0,0,0,0,0,0,1,0,1,0
47,2020-03-17,b1_150,168,0,0,0,0,0,0,1,0,0,0,0,0,0,0,0,0,0,0
48,2020-03-17,b1_151,216,0,0,0,0,0,0,1,0,0,0,0,0,0,0,0,0,0,0
49,2020-03-17,b1_153,135,0,0,0,0,0,0,0,0,0,0,0,0,1,0,1,0,0,0
50,2020-03-17,b1_154,164,0,0,0,0,0,0,0,0,0,0,0,0,0,1,0,0,1,0
51,2020-03-17,b1_155,198,0,0,0,0,0,0,0,0,0,0,0,1,1,0,0,0,0,0
52,2020-03-18,b1_156,220,0,0,0,0,0,0,0,0,0,0,0,0,0,0,1,0,0,0
53,2020-03-18,b1_157,260,0,0,0,0,0,0,1,0,0,0,0,0,0,0,0,0,1,0
54,2020-03-18,b1_158,168,0,0,0,0,0,0,1,0,0,0,0,0,0,0,0,0,0,0
55,2020-03-18,b1_159,201,0,0,0,0,0,0,1,0,0,0,0,0,0,0,0,0,0,0
56,2020-02-08,b1_16,250,0,0,0,0,0,0,0,0,0,0,0,0,0,0,1,0,0,0
57,2020-03-18,b1_163,195,0,0,0,0,0,0,1,0,0,0,0,0,0,0,0,0,0,0
58,2020-03-19,b1_164,128,0,0,0,0,0,1,0,0,0,0,0,0,0,0,0,0,0,0
59,2020-03-19,b1_165,24,0,0,0,1,0,0,0,0,0,0,0,0,0,0,1,0,0,0
60,2020-03-19,b1_166,93,0,0,0,0,0,0,1,0,0,0,0,0,0,0,0,0,0,0
61,2020-03-20,b1_167,37,0,0,0,0,0,1,0,0,0,0,0,0,0,0,0,0,0,0
62,2020-03-20,b1_168,404,0,0,0,0,0,0,1,0,0,0,0,0,1,0,0,0,0,0
63,2020-03-20,b1_169,271,0,0,0,0,0,0,1,0,0,0,0,0,0,0,0,0,0,0
64,2020-02-10,b1_17,145,0,0,0,0,0,0,1,0,0,0,0,0,0,0,0,0,0,0
65,2020-03-20,b1_170,261,1,0,0,0,0,0,0,0,0,0,0,0,0,0,0,0,0,0
66,2020-03-20,b1_174,173,0,0,0,0,0,0,1,0,0,0,0,0,1,0,1,0,0,0
67,2020-03-20,b1_175,292,0,0,0,0,0,0,1,0,0,0,0,0,1,0,0,0,0,0
68,2020-03-21,b1_177,455,0,0,0,0,0,0,1,0,0,0,0,0,0,0,0,0,0,1
69,2020-03-21,b1_178,261,1,0,0,0,0,0,0,0,0,0,0,0,0,0,0,0,0,0
70,2020-02-10,b1_18,155,0,0,0,0,0,0,1,0,0,0,0,0,0,0,0,0,0,0
71,2020-03-21,b1_182,266,0,0,0,0,0,0,1,0,0,0,0,0,0,0,0,0,0,0
72,2020-03-21,b1_184,154,0,0,0,0,1,0,0,0,0,0,0,0,0,0,0,0,0,0
73,2020-03-21,b1_185,242,0,0,0,0,0,0,0,0,0,0,0,0,0,0,0,0,0,1
74,2020-03-22,b1_186,818,0,0,0,0,0,1,0,0,0,0,0,1,1,0,0,0,0,0
75,2020-02-12,b1_19,179,0,0,0,0,1,0,0,0,0,0,0,0,0,0,0,0,0,0
76,2020-03-22,b1_191,823,0,0,0,0,0,1,0,0,0,0,0,1,1,0,0,0,0,0
77,2020-03-22,b1_192,269,0,0,0,0,0,0,1,0,0,0,0,0,1,0,0,0,1,0
78,2020-03-22,b1_193,196,0,0,0,0,0,0,0,1,0,0,0,0,0,0,0,0,1,0
79,2020-03-22,b1_194,332,0,0,0,0,0,0,1,0,0,0,0,0,0,0,0,0,0,0
80,2020-03-22,b1_195,33,0,0,0,0,0,0,1,0,0,0,0,0,0,0,0,0,0,0
81,2020-03-22,b1_196,192,0,0,0,0,0,0,0,1,0,0,0,0,0,0,0,0,1,0
82,2020-03-23,b1_197,381,0,0,0,0,0,1,0,0,0,0,0,1,1,0,0,0,0,0
83,2020-03-24,b1_199,364,0,0,0,0,0,1,0,0,0,0,0,1,1,0,0,0,0,0
84,2020-02-13,b1_20,233,1,0,0,0,0,0,0,0,0,0,0,0,0,0,0,0,0,0
85,2020-03-24,b1_200,211,0,0,0,0,0,0,0,0,0,0,0,0,1,0,1,0,0,0
86,2020-03-24,b1_205,42,0,0,0,1,0,0,0,0,0,0,0,0,0,0,0,0,1,0
87,2020-03-24,b1_208,12,0,0,0,0,0,0,1,0,0,0,0,0,0,0,0,0,0,0
88,2020-02-14,b1_21,237,0,0,0,0,0,0,0,0,0,0,0,0,0,0,0,1,0,0
89,2020-03-25,b1_210,251,0,0,1,0,1,1,1,1,0,0,0,1,0,0,1,1,1,0
90,2020-03-25,b1_211,225,0,0,0,1,0,0,0,0,0,0,0,0,1,0,1,0,0,0
91,2020-03-25,b1_212,276,0,0,0,0,0,0,1,0,0,0,0,0,0,0,0,0,0,0
92,2020-03-25,b1_213,168,0,0,0,1,0,0,0,0,0,0,0,0,0,0,0,0,0,0
93,2020-03-25,b1_214,248,0,0,1,0,0,0,0,0,0,0,0,0,0,1,0,0,0,0
94,2020-03-26,b1_215,179,0,0,0,0,0,0,1,1,0,0,0,0,0,0,0,0,0,0
95,2020-03-26,b1_216,167,0,0,0,0,0,0,0,0,0,1,0,0,0,0,0,0,0,0
96,2020-03-27,b1_218,28,0,0,0,0,0,0,1,1,0,0,0,0,0,0,1,0,0,0
97,2020-03-27,b1_219,498,0,0,0,0,0,0,1,1,0,0,0,0,0,0,1,0,0,0
98,2020-02-15,b1_22,316,0,0,0,0,0,0,0,1,0,0,0,0,0,0,0,0,0,0
99,2020-03-27,b1_220,169,0,0,1,0,0,0,0,0,0,0,0,0,0,1,0,0,0,0
100,2020-03-27,b1_223,280,0,0,1,0,0,0,0,0,0,0,0,0,0,1,0,0,0,0
101,2020-03-27,b1_224,221,0,0,1,0,0,0,0,0,0,0,0,0,0,1,0,0,0,0
102,2020-03-28,b1_225,205,0,0,0,0,0,0,1,0,0,0,0,0,1,0,0,0,0,1
103,2020-03-28,b1_229,433,0,0,0,0,0,0,1,0,0,0,0,0,0,0,1,1,0,0
104,2020-02-17,b1_23,185,0,0,0,1,0,0,0,0,0,0,0,0,0,0,0,0,0,0
105,2020-03-28,b1_230,131,1,0,0,0,0,0,0,0,0,0,0,0,0,0,0,0,0,0
106,2020-03-28,b1_234,280,0,0,0,1,0,0,0,0,0,0,0,0,0,0,0,0,1,0
107,2020-03-28,b1_238,57,0,0,0,0,0,0,1,0,0,0,0,0,0,0,0,0,0,0
108,2020-02-17,b1_24,308,0,0,0,0,0,0,0,0,0,0,0,0,0,0,1,0,0,0
109,2020-03-28,b1_241,253,0,0,1,0,0,0,0,0,0,0,0,0,0,1,0,0,0,0
110,2020-03-28,b1_243,205,0,0,1,0,0,0,0,0,0,0,0,0,0,1,0,0,0,0
111,2020-03-29,b1_244,369,0,0,0,0,0,0,0,1,0,0,0,0,0,0,1,0,1,0
112,2020-03-29,b1_245,394,0,0,1,0,0,0,0,0,0,0,0,0,0,1,0,0,0,0
113,2020-03-30,b1_249,171,0,0,0,0,0,0,1,0,0,0,0,0,0,0,0,0,0,0
114,2020-02-19,b1_25,166,0,0,0,0,0,0,0,0,0,0,0,0,0,0,1,0,0,0
115,2020-03-31,b1_251,1477,0,0,0,0,0,0,1,0,0,0,0,0,0,0,0,0,0,0
116,2020-03-31,b1_254,651,0,0,0,0,0,0,1,0,0,0,0,0,1,0,0,0,0,0
117,2020-03-31,b1_255,601,0,0,0,0,0,0,0,0,0,0,0,0,0,0,0,1,1,0
118,2020-03-31,b1_259,35,0,0,0,0,0,0,1,0,0,0,0,0,0,0,0,0,0,0
119,2020-03-31,b1_260,182,0,0,0,0,0,0,0,0,0,0,0,0,0,0,1,0,0,0
120,2020-04-01,b1_262,465,0,0,0,0,0,1,1,0,0,0,0,1,1,0,0,0,0,0
121,2020-04-01,b1_263,292,1,0,0,1,0,0,1,0,0,0,0,0,0,0,1,0,1,0
122,2020-04-01,b1_264,285,0,0,1,0,0,0,1,0,0,0,0,0,0,1,0,0,0,0
123,2020-04-01,b1_265,332,0,0,0,0,0,0,1,0,0,0,0,0,1,0,0,0,1,0
124,2020-04-01,b1_269,85,0,0,0,0,0,0,1,0,0,0,0,0,0,0,0,0,0,0
125,2020-02-20,b1_27,240,0,0,0,0,0,0,1,0,0,0,0,0,0,0,0,0,0,0
126,2020-04-01,b1_270,129,0,0,0,0,0,0,1,0,0,0,0,0,0,0,0,0,1,0
127,2020-04-02,b1_272,277,0,0,0,0,0,1,1,0,0,0,0,1,1,0,1,0,0,0
128,2020-04-02,b1_273,478,0,0,0,0,0,1,0,0,0,0,0,1,1,0,0,1,0,0
129,2020-04-02,b1_274,182,1,0,0,1,0,0,0,0,0,0,0,0,0,0,0,0,0,0
130,2020-04-02,b1_275,282,0,0,0,0,0,1,0,0,0,0,0,1,1,0,0,0,0,0
131,2020-04-02,b1_276,384,0,0,1,0,0,0,1,0,0,0,0,0,0,1,0,0,0,0
132,2020-04-02,b1_277,354,0,0,1,0,0,0,1,0,0,0,0,0,0,1,0,0,0,0
133,2020-04-02,b1_278,175,0,0,0,0,0,0,1,0,0,0,0,0,0,0,0,0,0,1
134,2020-02-22,b1_28,185,0,0,0,0,0,1,0,0,0,0,0,0,0,0,1,0,0,0
135,2020-04-02,b1_280,304,0,0,0,0,0,0,0,0,0,1,0,0,0,0,0,0,0,0
136,2020-04-02,b1_281,111,0,0,0,0,0,0,1,0,0,0,0,0,1,0,0,0,0,0
137,2020-04-03,b1_283,277,0,0,0,0,0,1,1,0,0,0,0,1,1,0,1,0,0,0
138,2020-04-03,b1_284,265,0,0,0,0,0,0,1,1,0,0,0,0,0,0,0,0,0,0
139,2020-04-03,b1_285,122,0,0,0,0,0,0,1,0,0,0,0,0,0,0,0,0,0,0
140,2020-04-03,b1_286,199,0,0,0,0,0,0,0,0,0,0,0,0,0,0,1,0,0,0
141,2020-04-03,b1_287,574,0,0,0,0,0,0,0,0,0,0,0,0,0,1,0,0,0,0
142,2020-04-03,b1_289,315,0,0,0,0,0,0,0,0,0,0,0,1,1,0,0,0,0,0
143,2020-02-22,b1_29,159,0,0,0,0,0,0,0,0,0,0,0,0,0,0,1,0,0,0
144,2020-04-04,b1_291,56,0,0,0,0,0,0,1,0,0,0,0,0,0,0,0,0,0,0
145,2020-04-04,b1_292,284,0,0,0,0,0,0,1,0,0,0,0,0,0,0,0,0,0,0
146,2020-04-04,b1_293,275,0,0,0,0,0,0,1,0,0,0,0,0,0,0,0,0,0,0
147,2020-04-04,b1_295,205,0,0,0,0,0,0,0,0,0,0,0,0,0,1,0,0,0,0
148,2020-04-04,b1_296,315,0,0,0,0,0,0,0,0,0,0,0,1,1,0,0,0,0,0
149,2020-04-05,b1_297,127,0,0,0,0,1,0,0,0,0,0,0,0,0,0,0,0,0,0
150,2020-04-05,b1_298,581,0,0,0,0,0,0,1,0,0,0,0,0,1,0,0,0,0,0
151,2020-04-05,b1_299,105,0,1,0,0,0,0,0,0,0,0,0,0,0,0,0,1,0,0
152,2020-02-22,b1_30,310,1,0,0,0,0,0,0,0,0,0,0,0,0,0,0,1,0,0
153,2020-04-05,b1_300,244,0,0,0,0,0,0,1,0,0,0,0,0,0,0,0,0,0,0
154,2020-04-06,b1_304,257,0,0,1,0,0,0,1,0,0,0,0,0,0,1,0,0,0,0
155,2020-04-06,b1_305,233,0,0,0,0,0,0,0,0,0,0,0,0,1,0,0,0,0,1
156,2020-04-07,b1_306,199,0,0,0,1,0,0,1,0,0,0,0,0,0,0,0,0,0,0
157,2020-04-07,b1_308,171,0,0,0,0,0,0,1,0,0,0,0,0,0,0,0,0,0,0
158,2020-04-07,b1_309,190,0,0,0,0,0,0,0,0,0,0,0,0,1,0,0,0,0,1
159,2020-02-24,b1_31,240,0,0,0,0,0,0,1,0,0,0,0,0,0,0,0,0,0,0
160,2020-04-07,b1_311,168,0,0,0,0,0,0,0,0,0,0,0,0,0,0,1,0,0,0
161,2020-04-08,b1_312,257,0,0,0,0,0,0,0,0,0,0,0,0,0,0,1,0,0,0
162,2020-04-08,b1_313,152,0,0,0,0,0,0,1,0,0,0,0,0,0,0,0,0,0,0
163,2020-04-09,b1_317,63,0,0,0,0,0,0,0,0,0,0,0,0,0,0,1,0,0,0
164,2020-04-09,b1_318,206,0,0,0,0,0,0,1,0,0,0,0,0,1,0,0,0,0,0
165,2020-02-24,b1_32,195,0,0,0,0,0,0,1,0,0,0,0,0,0,0,0,0,0,0
166,2020-04-09,b1_320,228,0,0,0,0,0,0,1,0,0,0,0,0,0,0,0,0,0,0
167,2020-04-09,b1_321,169,0,0,0,0,0,0,1,0,0,0,0,0,1,0,0,0,0,0
168,2020-04-10,b1_323,171,0,0,0,1,0,0,1,0,0,0,0,0,0,0,0,0,0,0
169,2020-04-10,b1_324,206,0,0,0,0,0,0,1,1,0,0,0,0,0,0,0,0,0,0
170,2020-04-10,b1_326,170,0,0,0,0,0,0,1,0,0,0,0,0,0,0,0,0,0,0
171,2020-04-10,b1_327,99,0,0,0,1,0,0,0,0,0,0,0,0,0,0,0,0,0,0
172,2020-04-10,b1_329,169,0,0,0,0,0,0,1,0,0,0,0,0,1,0,0,0,0,0
173,2020-02-25,b1_33,137,0,1,0,0,0,0,0,0,0,0,0,0,0,0,0,0,0,0
174,2020-04-10,b1_331,149,0,0,0,0,0,0,1,0,0,0,0,0,0,0,0,0,0,0
175,2020-04-11,b1_333,125,0,0,0,0,0,0,1,0,0,1,0,0,0,0,1,0,0,0
176,2020-04-11,b1_334,169,0,0,0,1,0,0,1,0,0,0,0,0,0,0,0,0,0,0
177,2020-04-11,b1_335,206,0,0,0,0,0,0,1,1,0,0,0,0,0,0,0,0,0,0
178,2020-04-11,b1_338,250,1,0,0,0,0,0,0,0,0,0,0,0,0,0,0,1,0,0
179,2020-04-11,b1_339,218,1,0,0,0,0,0,0,0,0,0,0,0,0,0,0,1,0,0
180,2020-02-25,b1_34,93,0,0,0,0,0,0,1,0,0,0,0,0,0,0,0,0,0,0
181,2020-04-11,b1_343,256,1,0,0,0,0,0,0,0,0,0,0,0,0,0,0,1,0,0
182,2020-04-11,b1_344,188,0,0,0,0,0,0,0,1,0,0,0,0,0,0,0,0,0,0
183,2020-04-11,b1_346,157,0,0,0,1,0,0,0,0,0,0,0,0,0,0,0,0,0,0
184,2020-04-11,b1_347,128,0,0,0,0,0,0,0,1,0,0,0,0,0,0,0,0,0,0
185,2020-04-12,b1_349,124,0,0,0,0,0,0,1,0,0,1,0,0,0,0,1,0,0,0
186,2020-04-12,b1_350,279,0,0,0,0,0,1,0,0,0,0,0,1,1,0,0,0,0,0
187,2020-04-12,b1_351,29,0,0,0,0,0,0,0,1,0,0,0,0,0,0,0,0,0,0
188,2020-04-12,b1_352,335,0,0,1,0,0,0,0,0,0,0,0,0,0,1,0,0,0,0
189,2020-04-13,b1_353,324,1,0,0,0,1,1,0,0,0,1,0,0,0,0,1,1,1,0
190,2020-04-13,b1_354,206,0,0,0,0,0,1,0,0,0,0,0,0,1,0,0,0,0,0
191,2020-04-13,b1_355,115,0,0,0,0,0,0,1,0,0,0,0,0,0,0,0,1,1,0
192,2020-04-13,b1_356,125,0,0,0,0,0,0,0,1,0,0,0,0,0,0,0,0,0,0
193,2020-04-14,b1_358,155,0,0,0,0,0,1,0,0,0,0,0,0,0,0,0,0,1,0
194,2020-04-14,b1_359,280,0,0,0,0,0,0,1,0,0,0,0,0,1,0,0,0,0,0
195,2020-04-14,b1_360,75,0,0,0,0,0,0,1,0,0,0,0,0,0,0,0,0,0,0
196,2020-04-15,b1_362,235,0,0,0,0,1,1,1,0,0,0,0,0,0,0,0,0,0,0
197,2020-04-15,b1_363,224,0,0,0,0,0,0,1,0,0,0,0,0,0,0,0,0,0,0
198,2020-04-15,b1_364,345,0,0,0,0,0,0,1,0,0,0,0,0,0,0,0,1,1,0
199,2020-04-15,b1_365,331,0,0,0,0,0,0,1,0,0,0,0,0,0,0,0,0,1,0
200,2020-04-15,b1_367,82,0,0,0,0,0,0,1,0,0,0,0,0,0,0,0,0,0,0
201,2020-04-15,b1_368,362,0,0,1,0,0,0,0,0,0,0,0,0,0,1,0,0,0,0
202,2020-02-28,b1_37,266,0,0,0,0,0,0,1,0,0,0,0,0,0,0,0,0,0,0
203,2020-04-16,b1_372,635,0,0,0,0,0,0,1,0,0,0,0,0,1,0,0,0,0,1
204,2020-04-16,b1_373,283,0,0,0,0,0,0,1,0,0,0,0,0,1,0,0,0,1,0
205,2020-04-16,b1_374,356,0,0,0,0,0,0,1,0,0,0,0,0,0,0,0,0,1,0
206,2020-04-16,b1_376,249,0,0,0,1,0,0,0,0,0,0,0,0,0,0,0,0,0,0
207,2020-04-16,b1_377,95,0,0,0,0,0,0,0,1,0,0,0,0,0,0,0,0,0,0
208,2020-04-16,b1_378,170,0,1,0,0,0,0,0,0,0,0,0,0,0,0,0,1,0,0
209,2020-02-28,b1_38,255,0,0,0,0,0,0,1,0,0,0,0,0,0,0,0,0,0,0
210,2020-04-17,b1_383,208,0,0,0,0,0,0,1,0,0,0,0,0,1,0,0,0,1,0
211,2020-04-17,b1_387,205,0,0,0,0,0,0,1,0,0,0,0,0,0,0,0,0,0,0
212,2020-02-29,b1_39,214,1,0,0,0,0,1,0,0,0,0,0,0,0,0,1,1,1,0
213,2020-04-17,b1_390,189,0,0,0,0,0,0,1,0,0,0,0,0,0,0,0,0,0,0
214,2020-04-17,b1_391,190,0,0,0,0,0,0,1,0,0,0,0,0,0,0,0,0,0,0
215,2020-04-18,b1_394,250,0,1,0,0,0,0,0,0,0,0,0,0,0,0,0,0,0,0
216,2020-04-18,b1_396,178,0,0,0,0,0,0,0,1,0,0,0,0,0,0,0,0,0,0
217,2020-04-18,b1_399,228,0,0,0,0,0,0,0,0,0,0,0,0,0,1,0,0,1,0
218,2020-02-29,b1_40,829,0,0,0,1,0,0,0,0,0,0,0,0,0,0,0,1,0,0
219,2020-04-19,b1_400,489,0,0,0,0,0,0,1,0,0,0,0,0,1,0,0,0,0,0
220,2020-04-19,b1_401,1402,0,0,0,0,0,0,1,0,0,0,0,0,1,0,0,0,0,0
221,2020-04-19,b1_404,180,0,0,0,0,0,0,1,0,0,0,0,0,0,0,0,0,0,0
222,2020-04-19,b1_405,187,0,0,0,0,0,0,1,0,0,0,0,0,1,0,0,0,0,0
223,2020-04-19,b1_406,176,0,0,0,0,0,0,0,1,0,0,0,0,0,0,0,0,0,0
224,2020-04-19,b1_407,194,0,0,0,0,0,0,0,0,0,0,0,0,0,1,0,0,1,0
225,2020-04-20,b1_408,1478,0,0,0,0,0,0,1,0,0,0,0,0,0,0,0,0,0,0
226,2020-04-20,b1_409,456,0,0,0,0,0,0,1,0,0,0,0,0,0,0,0,0,0,0
227,2020-02-29,b1_41,250,0,0,0,0,0,0,1,0,0,0,0,0,0,0,0,0,1,0
228,2020-04-20,b1_410,1067,0,0,0,0,0,0,1,0,0,0,0,0,0,0,0,0,0,0
229,2020-04-20,b1_411,169,0,0,0,0,0,0,1,0,0,0,0,0,0,0,0,0,0,0
230,2020-04-20,b1_412,145,0,0,0,0,0,0,0,1,0,0,0,0,0,0,0,0,0,0
231,2020-04-21,b1_414,128,0,0,0,0,0,0,0,0,0,0,0,0,0,1,0,0,1,0
232,2020-04-21,b1_415,517,0,0,0,0,0,1,0,0,0,0,0,0,1,0,0,0,0,0
233,2020-04-21,b1_418,171,0,0,0,0,0,0,1,0,0,0,0,0,0,0,0,0,0,0
234,2020-04-21,b1_419,736,0,0,0,0,0,0,1,0,0,0,0,0,0,0,0,0,1,0
235,2020-03-02,b1_42,232,0,0,0,0,0,0,1,0,0,0,0,0,0,0,0,0,0,0
236,2020-04-21,b1_420,145,0,0,0,0,0,0,0,1,0,0,0,0,0,0,0,0,0,0
237,2020-04-22,b1_422,169,0,0,0,0,1,0,0,0,0,0,0,0,0,0,0,1,0,0
238,2020-04-22,b1_424,534,0,0,0,0,0,1,0,0,0,0,0,0,1,0,0,0,0,0
239,2020-04-22,b1_425,197,0,0,0,0,1,0,0,0,0,0,0,0,0,0,0,1,0,0
240,2020-04-22,b1_427,156,0,0,0,0,0,0,1,0,0,0,0,0,0,0,0,0,0,0
241,2020-04-22,b1_428,162,0,0,0,0,0,0,0,0,0,0,0,0,0,0,0,0,0,1
242,2020-03-02,b1_43,241,0,0,0,0,0,0,0,0,0,0,0,0,0,0,1,0,0,0
243,2020-04-22,b1_430,104,0,0,0,0,0,0,0,0,0,0,0,0,0,1,0,0,1,0
244,2020-04-23,b1_431,208,0,0,0,0,0,0,1,0,0,0,1,0,0,0,0,0,0,0
245,2020-04-24,b1_433,290,1,0,0,0,0,1,1,0,0,0,0,0,0,0,1,0,0,0
246,2020-04-24,b1_434,469,0,0,0,0,0,0,1,0,0,0,0,0,0,1,0,0,0,1
247,2020-04-24,b1_435,178,0,0,0,0,0,0,1,0,0,0,0,0,0,0,0,0,0,1
248,2020-04-24,b1_436,381,0,0,0,0,0,0,1,0,0,0,0,0,0,0,0,0,0,0
249,2020-04-24,b1_437,423,0,0,0,0,0,0,1,0,0,0,0,0,1,0,0,0,1,0
250,2020-04-24,b1_438,291,0,0,0,0,0,0,1,0,0,0,0,0,0,0,0,0,0,0
251,2020-03-04,b1_44,222,0,0,0,0,0,1,0,0,0,0,0,0,0,0,0,0,0,0
252,2020-04-24,b1_441,736,0,0,0,0,0,0,0,0,0,0,0,0,1,1,0,0,1,0
253,2020-04-24,b1_442,380,0,0,1,0,0,0,0,0,0,0,0,0,0,1,0,0,1,0
254,2020-04-25,b1_443,343,0,0,0,0,0,0,1,0,0,0,0,0,0,1,0,0,0,1
255,2020-04-25,b1_445,664,1,0,1,0,0,0,1,0,0,0,0,0,0,0,0,1,0,0
256,2020-04-25,b1_446,126,0,0,0,0,0,0,1,0,0,0,0,0,0,1,0,1,0,0
257,2020-04-26,b1_449,299,1,0,0,1,1,1,1,0,0,1,0,1,1,0,1,1,1,0
258,2020-03-04,b1_45,203,0,0,0,0,0,0,1,0,0,0,0,0,0,0,0,0,0,0
259,2020-04-26,b1_450,109,0,0,0,0,0,0,1,0,0,0,0,0,0,1,0,1,0,0
260,2020-04-26,b1_452,271,0,0,0,1,0,0,0,0,0,0,0,0,0,0,0,0,0,0
261,2020-04-27,b1_454,209,1,0,0,0,0,0,1,0,0,0,0,0,0,0,1,0,1,0
262,2020-04-27,b1_455,162,0,0,1,0,0,0,1,0,0,0,0,0,0,1,0,0,1,0
263,2020-04-27,b1_457,188,0,0,0,0,0,0,0,1,0,0,0,0,0,0,0,0,0,0
264,2020-04-27,b1_458,274,0,0,0,0,0,0,1,0,0,0,0,0,1,0,0,0,0,0
265,2020-04-27,b1_459,88,0,0,0,0,0,0,1,0,0,0,0,0,0,0,0,0,0,0
266,2020-03-04,b1_46,122,0,0,0,0,0,0,1,0,0,0,0,0,0,0,0,0,0,0
267,2020-04-27,b1_460,87,0,0,0,0,0,0,1,0,0,0,0,0,0,0,0,0,0,0
268,2020-04-27,b1_461,263,0,0,0,0,0,0,0,0,0,0,0,0,0,0,0,0,0,1
269,2020-04-27,b1_462,215,0,0,0,0,0,0,0,0,0,0,0,0,0,1,0,0,1,0
270,2020-04-28,b1_464,195,0,0,0,0,0,0,0,0,0,0,0,0,0,1,0,1,1,0
271,2020-04-28,b1_465,169,0,0,0,0,0,0,1,0,0,0,0,0,0,0,0,0,0,1
272,2020-04-28,b1_466,56,0,0,0,0,0,1,0,0,0,0,0,0,0,0,0,0,0,0
273,2020-04-28,b1_467,294,0,0,0,0,0,0,0,0,0,0,0,0,0,0,0,0,0,1
274,2020-04-28,b1_468,152,0,0,0,0,0,0,0,0,0,0,0,0,0,1,0,0,0,0
275,2020-03-04,b1_47,202,0,0,0,0,0,0,1,0,0,0,0,0,0,0,0,0,0,0
276,2020-04-28,b1_470,1488,0,0,0,0,0,0,0,0,0,0,0,0,0,0,1,0,0,0
277,2020-04-28,b1_471,177,0,0,0,0,0,0,0,0,0,0,0,0,0,1,0,0,1,0
278,2020-04-29,b1_472,1297,0,0,0,0,0,1,1,0,0,0,0,1,1,1,0,1,0,1
279,2020-04-29,b1_473,198,0,0,1,0,0,0,1,0,0,0,0,0,0,0,0,0,1,1
280,2020-04-29,b1_475,127,0,0,0,0,0,0,0,0,0,0,0,0,0,0,1,0,0,0
281,2020-04-29,b1_477,130,0,0,0,0,0,0,0,0,0,0,0,0,0,1,0,0,0,0
282,2020-04-30,b1_478,207,1,0,0,0,0,0,1,1,0,0,0,0,0,0,0,0,1,0
283,2020-03-05,b1_48,235,0,0,0,0,0,1,1,0,0,0,0,0,0,0,0,0,0,0
284,2020-04-30,b1_480,104,0,0,0,0,0,1,0,0,0,0,0,0,0,0,0,0,0,0
285,2020-04-30,b1_481,426,0,0,0,0,0,0,1,0,0,0,0,0,0,0,0,1,0,0
286,2020-04-30,b1_482,119,0,0,0,0,0,0,1,0,0,0,0,0,0,0,0,0,0,0
287,2020-04-30,b1_485,373,0,0,0,0,0,0,0,0,0,0,0,0,0,1,0,0,0,0
288,2020-04-30,b1_487,366,0,0,0,0,0,0,0,0,0,0,0,0,0,1,0,0,0,0
289,2020-05-01,b1_488,93,0,0,0,0,0,1,0,0,0,0,0,0,0,0,1,0,0,0
290,2020-05-01,b1_489,228,0,0,0,0,0,0,1,0,0,0,0,0,0,0,0,0,0,0
291,2020-05-01,b1_490,66,0,0,0,0,0,0,0,1,0,0,0,0,0,0,0,0,1,0
292,2020-05-02,b1_491,522,0,0,0,0,0,0,0,1,1,0,0,0,0,0,0,0,0,0
293,2020-05-02,b1_494,93,0,0,0,0,0,1,0,0,0,0,0,0,0,0,1,0,0,0
294,2020-05-02,b1_495,247,0,0,0,0,0,0,0,0,0,0,0,0,1,0,0,0,0,0
295,2020-05-02,b1_497,338,0,0,0,0,0,0,1,0,0,0,0,0,0,0,0,0,1,0
296,2020-05-02,b1_498,277,0,0,0,0,0,0,1,0,0,0,0,0,0,0,0,0,1,0
297,2020-05-02,b1_499,137,0,0,0,0,0,0,1,0,0,0,0,0,0,0,0,0,1,0
298,2020-03-05,b1_50,190,0,0,0,0,0,1,0,0,0,0,0,0,0,0,0,0,0,0
299,2020-05-03,b1_503,347,0,0,0,0,0,0,0,1,1,0,0,0,0,0,0,0,0,0
300,2020-05-03,b1_505,296,0,0,0,0,0,0,0,0,0,0,0,0,1,0,1,0,0,0
301,2020-05-03,b1_506,159,0,0,0,0,0,0,1,0,0,0,0,0,0,0,0,0,0,0
302,2020-05-03,b1_507,604,0,0,0,0,0,0,1,0,0,0,0,0,0,0,0,0,0,0
303,2020-05-03,b1_508,101,0,0,0,0,0,0,1,0,0,0,0,0,0,0,0,0,1,0
304,2020-05-03,b1_509,53,0,0,0,0,0,0,0,1,0,0,0,0,0,0,0,0,0,0
305,2020-05-04,b1_511,250,0,0,0,0,0,1,1,0,0,0,0,1,0,0,0,0,0,0
306,2020-05-04,b1_512,315,0,0,0,0,0,1,1,0,0,0,0,0,0,0,0,0,0,0
307,2020-05-04,b1_513,182,0,0,0,0,0,0,1,0,0,0,0,0,0,1,0,1,0,0
308,2020-05-04,b1_514,392,0,0,0,0,0,1,0,0,0,0,0,1,0,0,0,0,0,0
309,2020-05-04,b1_515,1406,0,0,1,0,0,0,0,1,0,0,0,0,0,1,0,0,0,0
310,2020-05-04,b1_516,118,0,0,0,0,0,0,0,1,0,0,0,0,0,1,0,1,0,0
311,2020-05-04,b1_517,159,0,0,1,0,0,0,1,0,0,0,0,0,0,0,0,0,0,0
312,2020-05-04,b1_518,138,0,0,0,0,0,0,1,0,0,0,0,0,0,0,0,0,0,0
313,2020-05-04,b1_519,573,0,0,0,0,0,0,1,0,0,0,0,0,0,0,0,0,0,0
314,2020-03-05,b1_52,257,0,0,0,0,0,1,0,0,0,0,0,0,0,0,0,0,0,0
315,2020-05-04,b1_522,427,0,0,0,0,0,0,0,0,0,0,0,0,1,1,0,0,0,0
316,2020-05-04,b1_523,110,0,0,0,0,0,0,0,0,0,0,0,0,0,1,0,0,1,0
317,2020-05-05,b1_524,292,0,0,0,0,0,1,1,0,0,0,0,0,0,0,0,0,0,0
318,2020-05-05,b1_526,379,0,0,0,0,0,0,1,0,0,0,0,0,1,0,0,0,0,1
319,2020-05-05,b1_527,162,0,0,0,0,0,1,0,0,0,0,0,1,0,0,0,0,0,0
320,2020-05-05,b1_528,495,0,0,0,0,0,0,1,0,0,0,0,0,1,0,0,0,0,1
321,2020-05-05,b1_529,287,0,0,0,0,0,0,1,0,0,0,0,0,0,0,0,0,0,1
322,2020-03-05,b1_53,204,0,0,0,0,0,1,0,0,0,0,0,0,0,0,0,0,0,0
323,2020-05-05,b1_530,155,0,0,0,0,0,0,1,0,0,0,0,0,0,0,0,0,0,0
324,2020-05-05,b1_531,232,0,0,0,0,0,0,0,0,0,0,0,0,0,0,0,0,1,1
325,2020-05-05,b1_532,242,0,0,0,0,0,0,1,0,0,0,0,0,0,0,0,0,1,0
326,2020-05-05,b1_533,142,0,0,0,0,0,0,1,0,0,0,0,0,0,0,0,0,0,0
327,2020-05-05,b1_534,140,0,0,0,0,0,0,0,0,0,0,0,0,0,0,0,0,0,1
328,2020-05-05,b1_535,87,0,0,0,0,0,0,0,0,0,0,0,0,0,0,0,0,0,1
329,2020-05-05,b1_536,61,0,0,0,0,0,0,1,0,0,0,0,0,0,0,0,0,0,0
330,2020-05-05,b1_537,91,0,0,0,0,0,0,0,0,0,0,0,0,0,0,0,0,0,1
331,2020-05-05,b1_538,120,0,0,0,0,0,0,0,0,0,0,0,0,0,0,0,0,0,1
332,2020-05-05,b1_539,146,0,0,0,0,0,0,0,0,0,0,0,0,0,0,0,0,0,1
333,2020-03-05,b1_54,133,1,0,0,0,0,0,0,0,0,0,0,0,0,0,0,1,0,0
334,2020-05-05,b1_540,546,0,0,0,0,0,0,0,0,0,0,0,0,0,0,0,0,0,1
335,2020-05-05,b1_541,141,0,0,0,0,0,0,0,0,0,0,0,0,0,0,0,0,0,1
336,2020-05-05,b1_542,171,0,0,1,0,0,0,0,0,0,0,0,0,0,1,0,0,1,0
337,2020-05-05,b1_543,172,0,0,1,0,0,0,0,0,0,0,0,0,0,0,0,0,1,0
338,2020-05-05,b1_544,259,0,0,1,0,0,0,0,0,0,0,0,0,0,1,0,0,0,0
339,2020-05-05,b1_545,388,0,0,0,0,0,0,0,0,0,0,0,0,1,1,0,0,0,0
340,2020-05-05,b1_546,385,0,0,0,0,0,0,0,0,0,0,0,0,1,1,0,0,0,0
341,2020-05-06,b1_548,118,0,0,0,0,0,1,1,0,0,0,0,0,0,0,0,0,0,0
342,2020-03-05,b1_55,57,0,0,0,0,0,0,1,0,0,0,0,0,0,0,0,0,0,0
343,2020-05-06,b1_552,318,0,0,0,0,0,0,1,0,0,0,0,0,1,0,0,0,0,1
344,2020-05-06,b1_555,168,0,0,0,0,0,0,1,0,0,0,0,0,0,0,0,0,0,0
345,2020-05-06,b1_556,135,0,0,0,0,0,0,0,0,0,0,0,0,0,0,0,0,0,1
346,2020-03-06,b1_56,266,0,0,0,0,0,0,1,0,0,0,0,0,0,0,1,0,0,0
347,2020-05-06,b1_560,62,0,0,0,0,0,0,1,0,0,0,0,0,0,0,0,0,0,0
348,2020-05-06,b1_561,264,0,0,0,0,0,0,0,1,0,0,0,0,0,0,0,1,0,0
349,2020-05-07,b1_562,223,0,0,0,0,0,0,1,0,0,0,0,0,0,0,0,0,0,0
350,2020-05-07,b1_563,280,0,0,0,0,0,0,0,0,0,0,0,0,0,0,0,0,1,1
351,2020-05-07,b1_564,263,0,0,0,0,0,0,0,1,0,0,0,0,0,0,0,1,0,0
352,2020-05-08,b1_565,1415,0,0,0,0,0,0,1,0,0,0,0,0,0,0,0,0,0,1
353,2020-05-08,b1_566,246,0,0,0,0,0,0,1,0,0,0,0,0,0,0,0,0,1,1
354,2020-05-08,b1_567,127,0,0,0,0,0,0,1,0,0,0,0,0,0,0,0,0,1,1
355,2020-05-08,b1_568,217,0,0,0,0,0,0,0,0,0,0,0,0,0,0,0,0,1,1
356,2020-05-09,b1_569,119,0,0,0,0,0,0,0,0,0,0,0,0,0,0,0,0,1,1
357,2020-03-06,b1_57,140,0,0,0,0,0,0,1,0,0,0,0,0,0,0,0,0,0,0
358,2020-05-09,b1_573,672,0,0,0,0,0,0,1,0,0,0,0,0,0,0,0,0,0,0
359,2020-05-09,b1_574,214,1,0,0,0,0,0,0,0,0,0,0,0,0,0,0,0,1,0
360,2020-05-09,b1_576,89,0,0,0,0,0,0,1,0,0,0,0,0,0,0,0,1,0,0
361,2020-05-09,b1_577,535,0,0,0,0,0,0,0,1,0,0,0,0,0,0,0,0,0,0
362,2020-03-06,b1_58,292,1,0,0,0,0,0,0,0,0,0,0,0,0,0,0,0,0,0
363,2020-05-09,b1_581,681,0,0,0,1,0,0,0,0,0,0,0,0,0,0,0,0,1,0
364,2020-05-09,b1_582,150,0,1,0,0,0,0,0,0,0,0,0,0,0,0,0,0,0,0
365,2020-05-09,b1_583,190,0,1,0,0,0,0,0,0,0,0,0,0,0,0,0,0,0,0
366,2020-05-09,b1_584,230,0,0,0,0,0,0,0,1,0,0,0,0,0,0,0,0,0,0
367,2020-05-09,b1_585,239,0,0,0,0,0,0,0,0,0,0,0,0,0,1,0,0,0,0
368,2020-05-10,b1_587,182,0,0,0,0,0,1,0,0,0,0,0,0,0,0,0,0,0,0
369,2020-05-10,b1_597,210,0,0,0,0,0,0,0,1,0,0,0,0,0,0,0,0,0,0
370,2020-01-27,b1_6,658,0,0,0,0,0,0,0,0,0,0,0,0,0,0,1,0,0,0
371,2020-05-10,b1_600,137,0,0,0,0,0,0,0,0,0,0,0,0,0,0,0,0,1,1
372,2020-05-10,b1_603,215,0,0,0,0,0,0,0,0,0,0,0,0,0,1,0,0,0,0
373,2020-03-08,b1_61,122,0,0,0,0,0,0,0,1,0,0,0,0,0,0,0,0,0,0
374,2020-03-08,b1_62,287,1,0,0,0,0,0,0,0,0,0,0,0,0,0,0,0,0,0
375,2020-03-09,b1_63,337,0,0,0,0,0,0,1,0,0,0,0,0,0,0,0,0,1,0
376,2020-03-10,b1_64,206,0,0,0,0,0,0,1,0,0,0,0,0,0,0,0,0,0,0
377,2020-03-10,b1_65,288,0,0,0,0,0,0,1,0,0,0,0,0,0,0,0,0,1,0
378,2020-03-10,b1_66,130,0,0,0,0,0,0,1,0,0,0,0,0,0,0,0,0,0,0
379,2020-03-11,b1_68,341,1,0,0,0,0,1,0,0,0,0,0,1,0,0,1,0,1,0
380,2020-03-11,b1_69,241,0,0,0,0,0,1,0,0,0,0,0,1,0,0,0,0,0,0
381,2020-01-28,b1_7,194,0,0,0,0,0,0,0,1,0,0,0,0,0,0,0,0,0,0
382,2020-03-11,b1_70,188,0,0,0,0,0,1,0,0,0,0,0,1,0,0,0,0,0,0
383,2020-03-11,b1_71,241,1,0,0,0,0,0,0,0,0,0,0,0,0,0,0,1,1,0
384,2020-03-11,b1_72,371,0,0,0,0,0,0,1,0,0,0,0,0,0,0,0,0,1,0
385,2020-03-11,b1_73,312,0,0,0,0,0,0,1,0,0,0,0,0,0,0,0,0,1,0
386,2020-03-11,b1_74,39,0,0,0,0,0,0,1,0,0,0,0,0,0,0,0,0,0,0
387,2020-03-11,b1_75,158,0,0,0,0,0,0,1,0,0,0,0,0,0,0,0,0,0,0
388,2020-03-12,b1_77,283,0,0,0,0,0,1,0,0,0,0,0,1,1,0,0,0,0,0
389,2020-03-12,b1_78,1420,0,0,0,0,0,1,0,0,0,0,0,1,1,0,0,0,0,0
390,2020-03-12,b1_79,1370,0,0,0,0,0,1,0,0,0,0,0,1,1,0,0,0,0,0
391,2020-01-29,b1_8,158,0,0,0,0,0,0,0,1,0,0,0,0,0,0,0,0,0,0
392,2020-03-12,b1_80,440,0,0,0,1,0,1,0,0,0,0,0,0,0,0,1,1,1,0
393,2020-03-12,b1_81,121,0,0,0,0,0,1,0,0,0,0,0,1,1,0,0,0,0,0
394,2020-03-12,b1_82,1382,0,0,0,0,0,0,1,0,0,0,0,0,0,0,0,0,0,0
395,2020-03-12,b1_83,384,0,0,0,0,0,0,1,0,0,0,0,0,0,0,0,0,0,0
396,2020-03-12,b1_84,214,0,0,0,0,0,0,1,0,0,0,0,0,0,0,0,0,0,0
397,2020-03-13,b1_85,263,1,0,0,0,0,1,1,0,1,0,0,1,1,0,1,0,0,0
398,2020-03-13,b1_86,1457,0,0,0,0,0,1,0,0,0,0,0,1,1,0,0,0,0,0
399,2020-03-13,b1_87,1511,0,0,0,0,0,0,0,0,0,0,0,0,1,0,0,0,0,0
400,2020-03-13,b1_88,156,0,0,0,0,0,1,0,0,0,0,0,0,0,0,0,0,1,0
401,2020-03-13,b1_89,111,0,0,0,0,0,1,0,0,0,0,0,1,1,0,0,1,0,0
402,2020-01-29,b1_9,78,0,0,0,0,0,0,0,0,0,0,0,0,0,0,1,0,0,0
403,2020-03-13,b1_90,245,0,0,0,0,0,0,1,0,0,0,0,0,0,0,1,0,0,0
404,2020-03-13,b1_91,239,0,0,0,0,0,1,0,0,0,0,0,1,1,0,0,0,0,0
405,2020-03-13,b1_92,201,0,0,1,0,0,0,1,0,0,0,0,0,0,1,0,0,1,0
406,2020-03-13,b1_93,206,0,0,0,0,0,1,1,0,0,0,0,0,1,0,0,0,0,0
407,2020-03-13,b1_94,305,0,0,0,0,0,0,1,0,0,0,0,0,1,0,0,0,0,0
408,2020-03-13,b1_95,430,0,0,0,0,0,0,1,0,0,0,0,0,0,0,0,0,0,0
409,2020-03-13,b1_96,325,0,0,0,0,0,0,1,0,0,0,0,0,1,0,0,0,0,0
410,2020-03-13,b1_97,182,0,0,0,0,0,0,1,0,0,0,0,0,1,0,0,0,0,0
411,2020-03-14,b1_98,103,0,0,0,0,0,1,1,0,0,0,0,0,1,0,0,0,0,0
412,2020-03-14,b1_99,200,0,0,1,0,0,0,1,0,0,0,0,0,1,1,1,0,1,0
413,2020-06-16,b2_0,204,1,0,0,0,0,1,1,1,0,1,0,1,1,0,1,0,1,0
414,2020-05-20,b2_1,247,1,0,0,0,0,0,1,0,0,0,0,0,1,0,1,1,1,0
415,2020-06-27,b2_10,210,0,0,0,0,1,0,1,0,0,0,0,0,0,0,0,0,0,0
416,2020-06-15,b2_100,594,0,0,0,0,0,0,1,0,0,0,0,0,0,0,0,0,0,0
417,2020-06-28,b2_101,586,0,0,0,0,0,0,0,0,0,0,0,0,0,0,0,0,1,0
418,2020-05-18,b2_102,182,0,0,0,0,0,0,1,0,0,0,0,0,0,0,0,0,0,0
419,2020-05-11,b2_103,220,0,0,0,0,0,1,0,0,0,0,0,0,0,0,0,0,0,0
420,2020-05-11,b2_104,175,0,0,0,0,0,1,0,0,0,0,0,0,0,0,0,0,0,0
421,2020-07-04,b2_105,253,0,0,0,1,0,0,0,0,0,0,0,0,0,0,0,0,1,0
422,2020-07-07,b2_106,297,0,0,0,0,0,0,1,0,0,0,0,0,0,0,0,0,0,0
423,2020-05-17,b2_107,197,0,0,0,1,0,0,0,0,0,0,0,0,0,0,0,0,0,0
424,2020-06-06,b2_108,271,0,0,0,0,0,0,1,0,0,0,0,0,0,0,0,0,1,0
425,2020-07-05,b2_109,236,0,0,0,0,0,0,1,0,0,0,0,0,0,0,0,0,0,0
426,2020-07-10,b2_11,561,0,0,0,0,0,0,1,0,0,0,0,0,0,0,0,0,0,1
427,2020-06-14,b2_110,292,0,0,0,0,0,0,1,0,0,0,0,0,0,0,0,0,0,0
428,2020-05-13,b2_111,174,0,0,0,0,0,0,1,0,0,0,0,0,0,0,1,0,1,0
429,2020-05-29,b2_113,224,0,0,0,0,0,0,1,0,0,0,0,0,0,0,0,0,0,0
430,2020-05-18,b2_114,289,0,0,0,0,0,0,1,0,0,0,0,0,1,0,0,0,0,0
431,2020-06-16,b2_115,143,0,0,0,0,0,0,1,0,0,0,0,0,0,0,0,0,0,0
432,2020-07-06,b2_116,389,0,0,0,0,0,0,1,0,0,0,0,0,0,0,0,0,0,0
433,2020-06-23,b2_117,169,0,0,0,0,0,0,1,0,0,0,0,0,0,0,0,0,0,0
434,2020-06-04,b2_118,194,0,0,0,0,0,0,1,0,0,0,0,0,0,0,0,0,0,0
435,2020-06-14,b2_119.0,141,0,0,0,0,0,0,1,0,0,0,0,0,0,0,0,0,0,0
436,2020-06-24,b2_12,221,0,0,0,0,0,0,0,0,0,0,0,0,0,0,0,0,1,1
437,2020-06-27,b2_123.0,215,0,0,0,0,0,0,1,0,0,0,0,0,0,0,0,1,0,0
438,2020-06-14,b2_124.0,258,0,0,0,0,0,0,1,0,0,0,0,0,0,0,0,0,0,0
439,2020-06-13,b2_125.0,906,0,0,0,0,0,0,1,0,0,0,0,0,0,0,0,0,0,0
440,2020-05-30,b2_126.0,243,0,0,0,0,0,0,1,0,0,0,0,0,0,0,0,0,0,0
441,2020-06-29,b2_127.0,371,0,0,0,0,0,0,1,0,0,0,0,0,0,0,0,0,0,0
442,2020-05-31,b2_128.0,1314,0,0,0,0,0,0,1,0,0,0,0,0,0,0,0,0,0,0
443,2020-06-29,b2_129.0,324,0,0,0,0,0,0,1,0,0,0,0,0,0,0,0,0,0,0
444,2020-05-25,b2_13,68,0,0,0,0,0,0,1,1,0,0,0,0,0,1,0,0,1,1
445,2020-07-01,b2_130.0,157,0,0,0,0,0,0,0,1,0,0,0,0,0,0,0,0,0,0
446,2020-06-14,b2_131.0,154,0,0,0,0,0,0,1,0,0,0,0,0,0,0,0,0,0,0
447,2020-05-10,b2_132.0,217,1,0,0,0,0,0,0,0,0,0,0,0,0,0,0,0,1,0
448,2020-06-27,b2_133.0,474,0,0,0,0,0,0,1,0,0,0,0,0,0,0,0,0,0,0
449,2020-06-14,b2_134.0,330,0,0,0,0,0,0,1,0,0,0,0,0,0,0,0,0,0,0
450,2020-06-15,b2_135.0,150,0,0,0,0,0,0,1,0,0,0,0,0,0,0,0,0,0,0
451,2020-05-13,b2_136.0,255,0,1,0,0,0,0,0,0,0,0,0,0,0,0,0,0,0,0
452,2020-05-17,b2_137.0,206,1,0,0,0,0,0,0,0,0,0,0,0,0,0,0,0,0,0
453,2020-06-24,b2_138.0,262,0,0,0,0,0,0,1,0,0,0,0,0,0,0,0,1,0,0
454,2020-05-29,b2_139.0,230,0,0,0,1,0,0,0,0,0,0,0,0,0,0,0,0,0,0
455,2020-05-25,b2_14,347,0,0,0,0,0,0,1,0,0,0,0,0,0,1,0,0,0,1
456,2020-06-14,b2_140.0,189,0,0,0,0,0,0,0,0,0,0,0,0,0,0,0,0,1,1
457,2020-05-19,b2_141.0,152,0,0,0,0,0,0,1,0,0,0,0,0,1,0,0,0,0,0
458,2020-05-30,b2_142.0,118,0,0,0,0,0,0,1,0,0,0,0,0,0,0,0,0,0,0
459,2020-06-22,b2_143.0,168,0,0,0,0,0,0,0,0,0,0,0,0,0,0,0,0,1,0
460,2020-05-26,b2_144.0,70,0,0,0,0,0,0,0,0,0,0,0,0,0,0,0,0,0,1
461,2020-06-12,b2_145.0,172,0,0,0,0,0,0,1,0,0,0,0,0,0,0,0,0,0,0
462,2020-05-27,b2_146.0,287,0,0,0,1,0,0,0,0,0,0,0,0,0,0,0,0,1,0
463,2020-05-23,b2_147.0,157,0,0,0,0,0,0,1,0,0,0,0,0,0,0,0,0,0,0
464,2020-06-24,b2_148.0,112,0,0,0,0,0,0,1,0,0,0,0,0,0,0,0,1,0,0
465,2020-05-31,b2_149.0,271,0,0,0,0,0,0,1,0,0,0,0,0,1,0,0,0,0,0
466,2020-06-23,b2_15,317,0,0,0,0,0,0,1,1,0,0,0,0,0,0,0,0,0,1
467,2020-05-10,b2_150.0,445,0,0,0,0,0,0,0,0,1,0,0,0,0,0,0,0,0,0
468,2020-05-25,b2_151.0,981,0,0,0,0,0,0,1,0,0,0,0,0,0,0,0,0,0,0
469,2020-05-26,b2_152.0,171,0,0,0,0,0,0,1,0,0,0,0,0,0,0,0,1,0,0
470,2020-05-10,b2_153.0,96,0,0,0,0,0,0,1,0,0,0,0,0,0,0,0,1,1,0
471,2020-05-25,b2_154.0,149,0,0,0,0,0,0,1,0,0,0,0,0,0,0,0,0,0,0
472,2020-06-20,b2_155.0,537,0,0,0,0,0,0,1,0,0,0,0,0,0,0,0,0,0,0
473,2020-06-05,b2_156.0,611,0,0,0,0,0,0,0,0,0,0,0,0,0,0,0,0,0,1
474,2020-07-10,b2_157.0,230,0,0,1,0,0,0,0,0,0,0,0,0,0,1,0,0,0,0
475,2020-06-19,b2_158.0,271,0,0,0,1,0,0,0,0,0,0,0,0,0,0,0,0,0,0
476,2020-05-10,b2_159.0,352,0,0,0,0,0,0,1,0,0,0,0,0,0,0,0,0,0,0
477,2020-05-25,b2_16,190,0,0,0,0,0,0,0,0,0,0,0,0,0,0,0,0,0,1
478,2020-06-05,b2_160.0,948,0,0,0,0,0,0,0,0,0,0,0,0,0,0,0,0,0,1
479,2020-05-20,b2_161.0,573,0,0,0,0,0,0,1,0,0,0,0,0,0,0,0,1,1,0
480,2020-05-11,b2_162.0,134,0,1,0,0,0,0,0,0,0,0,0,0,0,0,0,1,0,0
481,2020-05-28,b2_163.0,296,0,0,0,0,0,0,0,1,0,0,0,0,0,0,0,1,0,0
482,2020-06-03,b2_164.0,350,0,0,0,0,0,0,1,0,0,0,0,0,0,0,0,0,0,0
483,2020-05-26,b2_165.0,1020,0,0,0,0,0,0,1,0,0,0,0,0,0,0,0,0,0,0
484,2020-05-31,b2_167.0,141,0,0,0,0,0,0,1,0,0,0,0,0,0,0,0,0,0,0
485,2020-07-08,b2_168.0,450,0,0,0,0,0,0,0,0,0,0,0,0,0,1,0,1,0,0
486,2020-05-25,b2_17,171,0,0,0,0,0,0,1,0,0,0,0,0,0,0,0,0,1,1
487,2020-07-08,b2_170.0,285,0,0,0,0,0,0,0,0,0,0,0,0,0,1,0,0,1,0
488,2020-05-25,b2_171.0,940,0,0,0,0,0,0,1,0,0,0,0,0,0,0,0,0,0,0
489,2020-07-07,b2_172.0,194,0,0,1,0,0,0,0,0,0,0,0,0,0,1,0,1,0,0
490,2020-06-08,b2_173.0,109,0,0,0,0,0,0,1,0,0,0,0,0,0,0,0,0,0,0
491,2020-05-29,b2_174.0,27,0,0,0,0,0,0,1,0,0,0,0,0,0,0,0,0,0,0
492,2020-05-25,b2_175.0,222,0,0,0,0,0,0,1,0,0,0,0,0,0,0,0,0,0,0
493,2020-06-07,b2_176.0,199,0,0,0,0,0,0,1,0,0,0,0,0,0,0,0,0,0,0
494,2020-05-25,b2_178.0,259,0,0,0,0,0,0,1,0,0,0,0,0,0,0,0,0,0,0
495,2020-05-30,b2_179.0,289,0,1,0,0,0,0,0,0,0,0,0,0,0,0,0,0,0,0
496,2020-05-14,b2_181.0,500,0,0,0,1,0,0,0,0,0,0,0,0,0,0,0,0,0,0
497,2020-06-05,b2_182.0,206,0,0,0,0,0,0,0,1,0,0,0,0,0,0,0,0,0,0
498,2020-05-13,b2_183.0,175,0,0,0,0,0,0,0,0,1,0,0,0,0,0,0,0,0,0
499,2020-05-15,b2_184.0,286,0,0,0,0,0,0,1,0,0,0,0,0,0,0,0,0,0,0
500,2020-05-23,b2_185.0,339,0,0,0,0,0,0,0,0,0,0,0,0,0,1,0,0,0,0
501,2020-07-03,b2_186.0,210,0,0,0,0,0,0,0,0,0,0,0,0,0,1,0,1,1,0
502,2020-05-10,b2_187.0,46,0,0,0,0,0,0,1,0,0,0,0,0,0,0,0,0,0,0
503,2020-05-18,b2_188.0,135,0,0,0,1,0,0,0,0,0,0,0,0,0,0,0,0,0,0
504,2020-05-30,b2_189.0,650,0,0,0,0,0,0,0,1,0,0,0,0,0,0,0,1,0,0
505,2020-05-25,b2_19,225,0,0,0,0,0,0,1,0,0,0,0,0,0,1,0,0,0,1
506,2020-05-14,b2_190.0,136,0,0,0,0,0,0,1,0,0,0,0,0,0,0,0,0,0,0
507,2020-06-01,b2_191.0,68,0,0,0,0,0,0,1,0,0,0,0,0,0,0,0,0,0,0
508,2020-05-18,b2_192.0,112,0,0,0,1,0,0,0,0,0,0,0,0,0,0,0,0,0,0
509,2020-06-02,b2_193.0,150,0,0,0,0,0,0,1,0,0,0,0,0,0,0,0,0,0,0
510,2020-05-15,b2_194.0,27,0,0,0,1,0,0,0,0,0,0,0,0,0,0,0,0,0,0
511,2020-05-26,b2_195.0,131,0,0,0,0,0,0,1,0,0,0,0,0,0,0,0,0,0,0
512,2020-05-27,b2_196.0,128,0,0,0,0,0,0,1,0,0,0,0,0,0,0,0,0,0,0
513,2020-06-26,b2_197.0,135,0,0,0,0,0,0,0,0,0,0,0,0,0,0,0,0,0,1
514,2020-05-31,b2_199.0,161,0,0,0,0,0,0,0,0,1,0,0,0,0,0,0,0,0,0
515,2020-06-22,b2_2,105,0,0,0,0,0,1,1,1,0,1,0,0,0,0,0,0,0,0
516,2020-05-29,b2_20,315,0,0,0,0,0,1,0,0,0,0,0,1,1,0,0,0,0,0
517,2020-05-27,b2_200.0,139,0,0,0,0,0,0,1,0,0,0,0,0,0,0,0,0,0,0
518,2020-05-27,b2_201.0,180,0,0,0,0,0,0,0,1,0,0,0,0,0,0,0,0,1,0
519,2020-05-26,b2_202.0,149,0,0,0,1,0,0,0,0,0,0,0,0,0,0,0,0,0,0
520,2020-05-27,b2_203.0,202,0,0,0,0,0,0,0,1,0,0,0,0,0,0,0,0,0,0
521,2020-05-10,b2_205.0,111,0,0,0,0,0,0,0,1,0,0,0,0,0,0,0,0,0,0
522,2020-05-25,b2_207.0,258,0,0,0,0,0,0,1,0,0,0,0,0,0,0,0,0,0,0
523,2020-05-25,b2_208.0,260,0,0,0,0,0,0,0,1,0,0,0,0,0,0,0,0,0,0
524,2020-05-25,b2_209.0,59,0,0,0,0,0,0,1,0,0,0,0,0,0,0,0,0,0,0
525,2020-05-24,b2_21,467,0,0,0,0,0,0,1,0,0,0,0,0,0,1,0,0,0,1
526,2020-05-26,b2_210.0,285,0,0,0,0,0,0,0,1,0,0,0,0,0,0,0,0,0,0
527,2020-05-24,b2_211.0,231,0,0,0,0,0,0,1,0,0,0,0,0,0,0,0,0,0,0
528,2020-05-16,b2_212.0,387,0,0,0,0,0,0,1,0,0,0,0,0,0,0,0,0,0,0
529,2020-05-10,b2_213.0,222,0,0,0,0,0,0,0,1,0,0,0,0,0,0,0,0,0,0
530,2020-06-20,b2_214.0,204,0,0,0,0,0,0,0,0,0,0,0,0,0,0,0,1,1,1
531,2020-06-22,b2_215.0,39,0,0,0,0,0,0,0,0,0,0,0,0,0,1,0,0,0,0
532,2020-06-23,b2_216.0,204,0,0,0,0,0,0,0,0,0,0,0,0,0,1,0,1,0,0
533,2020-06-22,b2_217.0,53,0,0,0,0,0,0,0,0,0,0,0,0,0,1,0,0,0,0
534,2020-06-21,b2_218.0,84,0,0,0,0,0,0,0,0,0,0,0,0,0,1,0,0,0,0
535,2020-05-22,b2_219.0,759,0,0,0,0,1,0,0,0,0,0,0,0,0,0,0,0,0,0
536,2020-05-10,b2_221.0,207,0,0,0,0,0,0,0,1,0,0,0,0,0,0,0,0,0,0
537,2020-06-23,b2_222.0,175,0,0,0,0,1,0,0,0,0,0,0,0,0,0,0,0,0,0
538,2020-06-12,b2_223.0,269,0,0,0,0,0,0,0,0,0,0,0,0,0,0,0,0,0,1
539,2020-06-13,b2_224.0,230,0,0,0,0,0,0,0,0,0,0,0,0,0,0,0,0,0,1
540,2020-06-13,b2_225.0,753,0,0,0,0,0,0,0,0,0,0,0,0,0,1,0,0,0,0
541,2020-06-10,b2_226.0,177,0,0,1,0,0,0,0,0,0,0,0,0,0,1,0,0,1,0
542,2020-06-06,b2_227.0,108,0,0,0,0,0,0,0,0,0,0,0,0,0,0,0,0,1,1
543,2020-06-11,b2_228.0,230,0,0,1,0,0,0,0,0,0,0,0,0,0,1,0,0,0,0
544,2020-06-09,b2_229.0,334,0,0,1,0,0,0,0,0,0,0,0,0,0,1,0,1,0,0
545,2020-05-29,b2_23,1087,0,0,0,0,0,0,1,0,0,0,0,0,1,0,0,1,0,1
546,2020-06-09,b2_230.0,183,0,0,0,0,0,0,0,0,0,0,0,0,0,1,0,1,0,0
547,2020-06-02,b2_232.0,209,0,0,0,0,0,0,0,0,0,0,0,0,0,0,0,0,0,1
548,2020-05-31,b2_233.0,222,0,0,0,0,0,0,0,0,0,0,0,0,0,0,0,0,0,1
549,2020-05-30,b2_234.0,207,0,0,0,0,0,0,0,0,0,0,0,0,0,0,0,0,0,1
550,2020-06-04,b2_235.0,383,0,0,0,0,0,0,0,0,0,0,0,0,0,1,0,0,0,0
551,2020-06-05,b2_236.0,255,0,0,0,0,0,0,0,0,0,0,0,0,0,1,0,0,0,0
552,2020-05-30,b2_238.0,281,0,0,0,0,0,0,0,0,0,0,0,0,0,0,0,0,1,1
553,2020-05-26,b2_239.0,66,0,0,0,0,0,0,0,0,0,0,0,0,0,0,0,0,1,1
554,2020-05-31,b2_24,1232,0,0,0,0,0,0,1,0,0,0,0,0,1,0,0,1,0,1
555,2020-05-28,b2_240.0,521,0,0,0,0,0,0,0,0,0,0,0,0,0,1,0,0,0,0
556,2020-05-21,b2_241.0,120,0,0,0,0,0,0,0,0,0,0,0,0,0,0,0,0,0,1
557,2020-05-20,b2_242.0,81,0,0,0,0,0,0,0,0,0,0,0,0,0,0,0,0,0,1
558,2020-05-23,b2_243.0,517,0,0,0,0,0,0,0,0,0,0,0,0,0,1,0,0,0,0
559,2020-05-13,b2_244.0,216,0,0,0,0,0,0,0,0,0,0,0,0,0,0,0,0,0,1
560,2020-05-14,b2_245.0,78,0,0,0,0,0,0,0,0,0,0,0,0,0,0,0,0,1,1
561,2020-05-14,b2_246.0,221,0,0,0,0,0,0,0,0,0,0,0,0,0,0,0,0,0,1
562,2020-05-22,b2_247.0,787,0,0,0,0,1,0,0,0,0,0,0,0,0,0,0,0,0,0
563,2020-05-11,b2_248.0,135,0,0,0,0,0,0,0,0,0,0,0,0,0,0,0,0,1,1
564,2020-05-22,b2_249.0,1015,0,0,0,0,1,0,0,0,0,0,0,0,0,0,0,0,0,0
565,2020-06-18,b2_25,232,0,0,0,0,0,0,1,0,0,0,0,0,0,0,0,0,1,1
566,2020-05-23,b2_250.0,468,0,0,0,0,1,0,0,0,0,0,0,0,0,0,0,0,0,0
567,2020-05-26,b2_251.0,300,0,0,0,0,1,0,0,0,0,0,0,0,0,0,0,0,0,0
568,2020-05-11,b2_253.0,130,0,0,0,0,0,0,0,0,0,0,0,0,0,1,0,0,0,0
569,2020-05-10,b2_254.0,275,0,0,0,0,0,0,0,0,0,0,0,0,0,1,0,0,0,0
570,2020-05-10,b2_255.0,150,0,0,0,0,0,0,0,0,0,0,0,0,0,1,0,0,0,0
571,2020-05-12,b2_256.0,145,0,0,1,0,0,0,0,0,0,0,0,0,0,1,0,0,1,0
572,2020-05-11,b2_257.0,183,0,0,0,0,0,0,0,0,0,0,0,0,0,1,0,0,0,0
573,2020-05-11,b2_258.0,287,0,0,0,0,0,0,0,0,0,0,0,0,0,1,0,0,0,0
574,2020-06-15,b2_26,149,0,0,0,0,0,0,1,0,0,1,0,0,0,0,0,0,0,0
575,2020-05-11,b2_261.0,150,0,0,0,0,0,0,0,0,0,0,0,0,0,1,0,0,1,0
576,2020-05-11,b2_262.0,60,0,0,0,0,0,0,0,0,0,0,0,0,0,1,0,0,0,0
577,2020-05-11,b2_263.0,160,0,0,0,0,0,0,0,0,0,0,0,1,0,0,0,0,0,0
578,2020-05-31,b2_264.0,286,1,0,0,0,0,0,0,0,0,0,0,0,0,0,0,0,0,0
579,2020-05-11,b2_265.0,124,0,0,0,0,0,0,0,0,0,0,0,0,0,0,1,0,0,0
580,2020-06-01,b2_27,158,0,0,0,0,0,1,0,0,0,0,0,0,0,0,1,0,0,0
581,2020-06-09,b2_28,591,0,0,1,0,0,0,1,0,0,0,0,0,0,1,0,1,0,0
582,2020-05-24,b2_3,98,0,0,1,0,0,0,1,0,0,0,0,0,0,1,0,0,1,1
583,2020-07-09,b2_30,229,0,0,1,0,0,0,1,0,0,0,0,0,0,1,0,0,0,0
584,2020-06-10,b2_31,509,0,0,0,0,0,0,1,0,0,0,0,0,0,1,0,1,1,0
585,2020-05-25,b2_32,249,0,0,0,0,0,0,1,0,0,0,0,0,0,0,0,0,0,1
586,2020-05-17,b2_33,273,0,0,0,0,0,1,0,0,0,0,0,1,1,0,0,0,0,0
587,2020-05-17,b2_34,173,0,0,0,0,0,1,0,0,0,0,0,1,1,0,0,0,0,0
588,2020-05-29,b2_35,517,0,0,1,0,0,0,1,1,0,0,0,0,0,1,0,0,1,0
589,2020-06-06,b2_36,507,0,0,0,0,0,0,1,0,0,0,0,0,1,0,0,0,0,1
590,2020-07-03,b2_37,208,0,0,0,0,0,0,0,1,0,0,0,0,0,1,0,0,0,0
591,2020-07-03,b2_38,105,0,0,1,0,0,0,0,1,0,0,0,0,1,1,0,0,0,0
592,2020-06-21,b2_39,165,0,0,0,0,0,0,1,0,0,0,0,0,0,1,0,0,0,0
593,2020-05-18,b2_4,335,0,0,0,0,0,0,0,0,1,0,0,1,1,0,1,0,0,0
594,2020-05-30,b2_40,238,0,0,0,0,0,0,1,0,0,0,0,0,0,0,0,0,0,1
595,2020-05-30,b2_41,724,0,0,0,0,0,1,0,0,0,0,0,1,1,0,0,0,0,0
596,2020-06-24,b2_45,64,0,0,0,0,0,0,1,0,0,0,0,0,0,0,1,1,0,0
597,2020-07-03,b2_46,290,0,0,0,0,0,0,1,0,0,0,0,0,0,0,0,1,0,1
598,2020-06-26,b2_47,220,0,0,0,0,0,0,1,0,0,0,0,0,0,0,0,0,0,1
599,2020-06-12,b2_48,312,0,0,0,0,0,0,1,0,0,0,0,0,1,1,0,0,1,0
600,2020-06-22,b2_5,134,0,0,0,0,0,0,1,0,0,0,0,0,0,1,0,0,0,0
601,2020-05-24,b2_50,362,0,0,1,0,0,0,0,0,0,0,0,0,0,1,0,0,1,1
602,2020-05-25,b2_51,109,0,0,0,0,0,0,1,0,0,0,0,0,0,0,0,0,1,1
603,2020-06-24,b2_53,635,0,0,0,0,0,0,1,1,0,0,0,0,0,0,0,0,0,0
604,2020-06-23,b2_54,594,0,0,0,0,0,0,1,1,0,0,0,0,0,0,0,0,0,0
605,2020-05-12,b2_55,257,0,0,1,0,0,0,1,0,0,0,0,0,0,1,0,0,0,0
606,2020-05-25,b2_56,108,0,0,0,0,0,0,1,0,0,0,0,0,0,1,0,0,1,0
607,2020-06-05,b2_58,179,0,0,0,0,0,0,1,0,0,0,0,0,0,0,0,0,1,1
608,2020-06-24,b2_6,100,0,0,0,0,0,0,1,0,0,1,0,0,0,0,1,1,0,0
609,2020-06-23,b2_60,368,0,0,0,0,0,0,1,1,0,0,0,0,0,0,0,0,0,0
610,2020-05-24,b2_61,159,0,0,0,0,0,0,1,0,0,0,0,0,0,1,0,0,1,0
611,2020-06-04,b2_62,153,0,0,0,0,0,0,0,1,0,0,0,0,1,1,0,0,0,0
612,2020-05-25,b2_63,305,0,0,0,0,0,0,1,0,0,0,0,0,0,0,0,0,0,1
613,2020-05-25,b2_64,32,0,0,0,0,0,0,1,0,0,0,0,0,0,1,0,0,1,0
614,2020-05-26,b2_65,87,0,0,0,0,0,0,1,0,0,0,0,0,0,1,0,0,1,0
615,2020-06-24,b2_67,133,0,0,0,0,0,0,1,0,0,0,0,0,0,0,0,0,0,0
616,2020-05-11,b2_68,259,0,0,1,0,0,0,0,0,0,0,0,0,0,1,0,1,0,1
617,2020-06-27,b2_69,361,0,0,1,0,0,0,0,0,0,0,0,0,0,1,0,0,1,0
618,2020-05-30,b2_7,110,0,0,0,0,0,0,1,0,0,0,0,0,0,1,0,0,0,1
619,2020-07-10,b2_71,1061,0,0,0,0,0,0,1,0,0,0,0,0,0,0,0,0,0,0
620,2020-07-06,b2_73,860,0,0,0,0,0,0,0,0,0,0,0,0,1,0,0,0,1,0
621,2020-06-13,b2_74,140,0,0,0,0,0,0,1,0,0,0,0,0,0,0,0,0,0,0
622,2020-07-08,b2_75,232,0,0,0,0,0,0,0,0,0,0,0,0,0,0,1,0,0,0
623,2020-05-28,b2_76,209,0,0,0,0,0,1,0,0,0,0,0,0,0,0,0,0,0,0
624,2020-05-26,b2_77,54,0,0,0,0,0,0,0,0,0,0,0,0,0,0,1,0,1,0
625,2020-06-14,b2_78,576,0,0,0,0,0,0,1,0,0,0,0,0,0,0,0,0,0,0
626,2020-05-29,b2_79,259,0,0,0,0,0,0,1,0,0,0,0,0,0,0,0,0,0,0
627,2020-07-10,b2_8,1356,0,0,0,0,0,0,1,0,0,0,0,0,0,0,0,0,0,1
628,2020-05-29,b2_80,566,0,0,0,0,0,0,1,0,0,0,0,0,0,0,0,0,0,0
629,2020-07-01,b2_81,258,1,0,0,0,0,0,0,0,0,0,0,0,0,0,0,0,0,0
630,2020-06-29,b2_82,115,1,0,0,0,0,0,0,0,0,0,0,0,0,0,0,1,0,0
631,2020-07-09,b2_83,151,0,0,0,1,0,0,0,0,0,0,0,0,0,0,0,0,0,0
632,2020-05-15,b2_84,433,0,0,0,0,0,0,1,0,0,0,0,0,0,0,0,0,0,0
633,2020-05-26,b2_86,147,0,0,0,0,0,0,1,0,0,0,0,0,0,0,0,0,1,0
634,2020-06-26,b2_87,124,1,0,0,0,0,0,0,0,0,0,0,0,0,0,0,0,0,0
635,2020-07-08,b2_88,92,0,0,0,0,0,0,1,0,0,0,0,0,0,0,0,0,0,0
636,2020-06-16,b2_89,777,0,0,0,0,0,0,1,0,0,0,0,0,0,0,0,0,0,0
637,2020-05-16,b2_90,206,0,0,0,0,0,0,1,0,0,0,0,0,0,0,0,0,0,0
638,2020-06-21,b2_91,321,0,0,0,0,0,0,1,0,0,0,0,0,0,0,0,0,0,0
639,2020-07-05,b2_92,345,0,0,0,0,0,0,1,0,0,0,0,0,1,0,0,0,0,0
640,2020-05-12,b2_93,146,0,0,0,0,0,0,0,0,1,0,0,0,0,0,0,0,0,0
641,2020-07-08,b2_94,79,0,0,0,0,0,0,1,0,0,0,0,0,0,0,0,0,0,0
642,2020-06-14,b2_95,874,0,0,0,0,0,0,1,0,0,0,0,0,0,0,0,0,0,0
643,2020-06-23,b2_96,319,0,0,0,0,0,0,1,0,0,0,0,0,0,0,0,0,1,0
644,2020-07-06,b2_97,529,0,0,0,0,0,0,0,1,0,0,0,0,0,0,0,0,0,0
645,2020-06-29,b2_98,321,0,0,0,0,0,0,0,1,0,0,0,0,0,0,0,1,0,0
646,2020-07-10,b2_99,167,0,0,0,0,0,0,1,0,0,0,0,0,0,0,0,0,0,0
